skinId,championId,champion,name,kind,status,videoId,publishedAt,reason,candidates,searchStatus,skinSearchStatus,skinSearchSource
266001,266,Aatrox,Justicar Aatrox,skin,outside_date_window,,,too_old,bRuK5ae8-5U,partial,not_targeted,
266002,266,Aatrox,Mecha Aatrox,skin,outside_date_window,,,too_old,4Dqo30GnIBk,partial,not_targeted,
266003,266,Aatrox,Sea Hunter Aatrox,skin,outside_date_window,,,too_old,RTHcUB6WL8U,partial,partial,https://www.youtube.com/@SkinSpotlights/search?query=Sea%20Hunter%20Aatrox
266007,266,Aatrox,Blood Moon Aatrox,skin,outside_date_window,,,too_old,zJuuUY1Cvb0,partial,not_targeted,
266008,266,Aatrox,Prestige Blood Moon Aatrox,skin,outside_date_window,,,too_old,XWrQUC-AYYI,partial,not_targeted,
266009,266,Aatrox,Victorious Aatrox,skin,referenced,w2-O6c9e-aE,2019-11-17,chapters_omitted,w2-O6c9e-aE,partial,not_targeted,
266011,266,Aatrox,Odyssey Aatrox,skin,referenced,HElpRB4J3yU,2020-10-11,chapters_omitted,HElpRB4J3yU,partial,not_targeted,
266020,266,Aatrox,Prestige Blood Moon Aatrox (2022),skin,search_incomplete,,,,,partial,partial,https://www.youtube.com/@SkinSpotlights/search?query=Prestige%20Blood%20Moon%20Aatrox%20%282022%29
266021,266,Aatrox,Lunar Eclipse Aatrox,skin,referenced,Z0EliTUjGJU,2022-04-24,chapters_omitted,Z0EliTUjGJU,partial,not_targeted,
266030,266,Aatrox,DRX Aatrox,skin,referenced,dxngHkJhReY,2023-05-29,chapters_omitted,dxngHkJhReY,partial,not_targeted,
266031,266,Aatrox,Prestige DRX Aatrox,skin,referenced,L9uGgnCJmO4,2023-05-29,chapters_omitted,L9uGgnCJmO4,partial,not_targeted,
266033,266,Aatrox,Primordian Aatrox,skin,referenced,ZVCFc5TmX3E,2024-07-28,chapters_omitted,ZVCFc5TmX3E,partial,not_targeted,
103001,103,Ahri,Dynasty Ahri,skin,referenced,buCCbixhovE,2023-02-05,chapters_omitted,buCCbixhovE,partial,partial,https://www.youtube.com/@SkinSpotlights/search?query=Dynasty%20Ahri
103002,103,Ahri,Midnight Ahri,skin,referenced,KvTMg3vw8oQ,2023-02-05,chapters_omitted,KvTMg3vw8oQ,partial,not_targeted,
103003,103,Ahri,Foxfire Ahri,skin,referenced,-AHhkSyeXmo,2023-02-05,chapters_omitted,-AHhkSyeXmo,partial,partial,https://www.youtube.com/@SkinSpotlights/search?query=Foxfire%20Ahri
103004,103,Ahri,Popstar Ahri,skin,referenced,DMHeI03vK14,2023-02-05,chapters_omitted,DMHeI03vK14,partial,partial,https://www.youtube.com/@SkinSpotlights/search?query=Popstar%20Ahri
103005,103,Ahri,Challenger Ahri,skin,referenced,c6tfIp7KFK0,2023-02-05,chapters_omitted | too_old,Z-LzkUZlp2o | c6tfIp7KFK0,partial,partial,https://www.youtube.com/@SkinSpotlights/search?query=Challenger%20Ahri
103006,103,Ahri,Academy Ahri,skin,referenced,dkqKGRUsCEc,2023-02-05,chapters_omitted | too_old,BSzG1I75Ads | dkqKGRUsCEc,partial,partial,https://www.youtube.com/@SkinSpotlights/search?query=Academy%20Ahri
103007,103,Ahri,Arcade Ahri,skin,referenced,IPU9_WRcsj4,2023-02-05,chapters_omitted | too_old,DbwTOLF46IY | IPU9_WRcsj4,partial,not_targeted,
103014,103,Ahri,Star Guardian Ahri,skin,referenced,sY1By9aT58g,2023-02-05,chapters_omitted | too_old,I5XK-y1faXU | sY1By9aT58g,partial,not_targeted,
103015,103,Ahri,K/DA Ahri,skin,referenced,7lS2jAaJG8E,2023-02-05,chapters_omitted | too_old,7lS2jAaJG8E | ehEpRndu73E,partial,not_targeted,
103016,103,Ahri,Prestige K/DA Ahri,skin,referenced,wcdI0cCU5fc,2023-02-05,chapters_omitted | too_old,jf-h-HxugMo | wcdI0cCU5fc,partial,not_targeted,
103017,103,Ahri,Elderwood Ahri,skin,referenced,oNEhIAWlKCM,2023-02-05,chapters_omitted | too_old,oGa1nYWgJXU | oNEhIAWlKCM,partial,partial,https://www.youtube.com/@SkinSpotlights/search?query=Elderwood%20Ahri
103027,103,Ahri,Spirit Blossom Ahri,skin,referenced,PR7kLChx-lA,2023-02-05,before_visual_update | chapters_omitted,PR7kLChx-lA | bQFrqlRnIo8,partial,not_targeted,
103028,103,Ahri,K/DA ALL OUT Ahri,skin,referenced,N4zH8Mf_eV4,2023-02-05,before_visual_update | chapters_omitted,7Ia5zMgrJpY | N4zH8Mf_eV4,partial,partial,https://www.youtube.com/@SkinSpotlights/search?query=K/DA%20ALL%20OUT%20Ahri
103042,103,Ahri,Coven Ahri,skin,referenced,NLVOUIaQ_Ho,2023-02-05,before_visual_update | chapters_omitted,0z7kfuJwGvs | NLVOUIaQ_Ho,partial,not_targeted,
103065,103,Ahri,Prestige K/DA Ahri (2022),skin,search_incomplete,,,,,partial,partial,https://www.youtube.com/@SkinSpotlights/search?query=Prestige%20K/DA%20Ahri%20%282022%29
103066,103,Ahri,Arcana Ahri,skin,referenced,z2zpRn2qEgc,2023-02-05,before_visual_update | chapters_omitted,f9WsGCYm1ZE | z2zpRn2qEgc,partial,partial,https://www.youtube.com/@SkinSpotlights/search?query=Arcana%20Ahri
103076,103,Ahri,Snow Moon Ahri,skin,referenced,EET-k8-PkGg,2023-05-14,chapters_omitted,EET-k8-PkGg,partial,not_targeted,
103085,103,Ahri,Risen Legend Ahri,skin,referenced,WnZdm5obQeQ,2024-05-29,chapters_omitted,WnZdm5obQeQ,partial,partial,https://www.youtube.com/@SkinSpotlights/search?query=Risen%20Legend%20Ahri
103086,103,Ahri,Immortalized Legend Ahri,skin,search_incomplete,,,,,partial,partial,https://www.youtube.com/@SkinSpotlights/search?query=Immortalized%20Legend%20Ahri
103088,103,Ahri,Spirit Blossom Springs Ahri,skin,referenced,Pkndl7ksDRw,2025-07-27,chapters_omitted,Pkndl7ksDRw,partial,not_targeted,
103089,103,Ahri,After Hours Spirit Blossom Springs Ahri,skin,referenced,4DyHNW9kImk,2025-07-27,chapters_omitted,4DyHNW9kImk,partial,not_targeted,
84001,84,Akali,Stinger Akali,skin,search_incomplete,,,,,partial,partial,https://www.youtube.com/@SkinSpotlights/search?query=Stinger%20Akali
84002,84,Akali,Infernal Akali,skin,search_incomplete,,,,,partial,partial,https://www.youtube.com/@SkinSpotlights/search?query=Infernal%20Akali
84003,84,Akali,All-star Akali,skin,search_incomplete,,,,,partial,partial,https://www.youtube.com/@SkinSpotlights/search?query=All-star%20Akali
84004,84,Akali,Nurse Akali,skin,referenced,UjFtnJXvwI4,2020-06-21,chapters_omitted,UjFtnJXvwI4,partial,not_targeted,
84005,84,Akali,Blood Moon Akali,skin,search_incomplete,,,,,partial,partial,https://www.youtube.com/@SkinSpotlights/search?query=Blood%20Moon%20Akali
84006,84,Akali,Silverfang Akali,skin,search_incomplete,,,,,partial,partial,https://www.youtube.com/@SkinSpotlights/search?query=Silverfang%20Akali
84007,84,Akali,Headhunter Akali,skin,outside_date_window,,,too_old,ctkE4LXr6T4,partial,partial,https://www.youtube.com/@SkinSpotlights/search?query=Headhunter%20Akali
84008,84,Akali,Sashimi Akali,skin,outside_date_window,,,too_old,OstI5BB_cjc,partial,partial,https://www.youtube.com/@SkinSpotlights/search?query=Sashimi%20Akali
84009,84,Akali,K/DA Akali,skin,outside_date_window,,,too_old,bAZhhAP51hc | nwCN5F1SOUI,partial,not_targeted,
84013,84,Akali,Prestige K/DA Akali,skin,outside_date_window,,,too_old,bNhm_mWy_0o,partial,partial,https://www.youtube.com/@SkinSpotlights/search?query=Prestige%20K/DA%20Akali
84014,84,Akali,PROJECT: Akali,skin,outside_date_window,,,too_old,txmv_e9FqrA,partial,not_targeted,
84015,84,Akali,True Damage Akali,skin,referenced,xoDApmyVDAk,2019-11-10,chapters_omitted,xoDApmyVDAk,partial,not_targeted,
84032,84,Akali,K/DA ALL OUT Akali,skin,referenced,boknsu7RCVw,2020-10-26,chapters_omitted,boknsu7RCVw,partial,not_targeted,
84050,84,Akali,Crime City Nightmare Akali,skin,referenced,sQ7ALTSCbdw,2021-08-23,chapters_omitted,sQ7ALTSCbdw,partial,not_targeted,
84060,84,Akali,Prestige K/DA Akali (2022),skin,search_incomplete,,,,,partial,partial,https://www.youtube.com/@SkinSpotlights/search?query=Prestige%20K/DA%20Akali%20%282022%29
84061,84,Akali,Star Guardian Akali,skin,referenced,a9sR53yxqiQ,2022-07-24,chapters_omitted,a9sR53yxqiQ,partial,not_targeted,
84068,84,Akali,DRX Akali,skin,referenced,3IXnFH1F9TY,2023-05-29,chapters_omitted,3IXnFH1F9TY,partial,partial,https://www.youtube.com/@SkinSpotlights/search?query=DRX%20Akali
84070,84,Akali,Coven Akali,skin,referenced,MvLazvyU0Qs,2023-10-08,chapters_omitted,MvLazvyU0Qs,partial,partial,https://www.youtube.com/@SkinSpotlights/search?query=Coven%20Akali
84071,84,Akali,Prestige Coven Akali,skin,referenced,DLFF-LkeIIs,2023-10-08,chapters_omitted,DLFF-LkeIIs,partial,partial,https://www.youtube.com/@SkinSpotlights/search?query=Prestige%20Coven%20Akali
84082,84,Akali,Empyrean Akali,skin,referenced,35uSsoI0EX4,2024-04-28,chapters_omitted,35uSsoI0EX4,partial,not_targeted,
84092,84,Akali,Spirit Blossom Akali,skin,referenced,EjADNbIQZ7M,2025-06-22,chapters_omitted,EjADNbIQZ7M,partial,not_targeted,
166001,166,Akshan,Cyber Pop Akshan,skin,search_incomplete,,,,,partial,partial,https://www.youtube.com/@SkinSpotlights/search?query=Cyber%20Pop%20Akshan
166010,166,Akshan,Crystal Rose Akshan,skin,referenced,btR1qUotRL4,2022-01-29,chapters_omitted,btR1qUotRL4,partial,not_targeted,
166020,166,Akshan,Three Honors Akshan,skin,referenced,ZNOC_BlYX5w,2024-01-23,chapters_omitted,ZNOC_BlYX5w,partial,not_targeted,
166021,166,Akshan,High Noon Akshan,skin,referenced,GUQ6LAaoo6w,2026-06-21,chapters_omitted,GUQ6LAaoo6w,partial,not_targeted,
12001,12,Alistar,Black Alistar,skin,search_incomplete,,,,,partial,partial,https://www.youtube.com/@SkinSpotlights/search?query=Black%20Alistar
12002,12,Alistar,Golden Alistar,skin,search_incomplete,,,,,partial,partial,https://www.youtube.com/@SkinSpotlights/search?query=Golden%20Alistar
12003,12,Alistar,Matador Alistar,skin,search_incomplete,,,,,partial,partial,https://www.youtube.com/@SkinSpotlights/search?query=Matador%20Alistar
12004,12,Alistar,Longhorn Alistar,skin,search_incomplete,,,,,partial,partial,https://www.youtube.com/@SkinSpotlights/search?query=Longhorn%20Alistar
12005,12,Alistar,Unchained Alistar,skin,search_incomplete,,,,,partial,partial,https://www.youtube.com/@SkinSpotlights/search?query=Unchained%20Alistar
12006,12,Alistar,Infernal Alistar,skin,search_incomplete,,,,,partial,partial,https://www.youtube.com/@SkinSpotlights/search?query=Infernal%20Alistar
12007,12,Alistar,Sweeper Alistar,skin,search_incomplete,,,,,partial,partial,https://www.youtube.com/@SkinSpotlights/search?query=Sweeper%20Alistar
12008,12,Alistar,Marauder Alistar,skin,outside_date_window,,,too_old,rb0ytJvnti4,partial,partial,https://www.youtube.com/@SkinSpotlights/search?query=Marauder%20Alistar
12009,12,Alistar,SKT T1 Alistar,skin,search_incomplete,,,,,partial,partial,https://www.youtube.com/@SkinSpotlights/search?query=SKT%20T1%20Alistar
12010,12,Alistar,Moo Cow Alistar,skin,outside_date_window,,,too_old,VOoc7nPzdG4,partial,not_targeted,
12019,12,Alistar,Hextech Alistar,skin,outside_date_window,,,too_old,C54g3nvxmvI,partial,not_targeted,
12020,12,Alistar,Conqueror Alistar,skin,outside_date_window,,,too_old,BHFjCyxxbm8,partial,partial,https://www.youtube.com/@SkinSpotlights/search?query=Conqueror%20Alistar
12022,12,Alistar,Blackfrost Alistar,skin,referenced,cw9VzzMUD6w,2020-02-29,chapters_omitted,cw9VzzMUD6w,partial,not_targeted,
12029,12,Alistar,Lunar Beast Alistar,skin,referenced,AyzLxYH9Dm4,2021-02-04,chapters_omitted,AyzLxYH9Dm4,partial,not_targeted,
12040,12,Alistar,Elderwood Alistar,skin,referenced,ugijbDUP-mo,2025-08-24,chapters_omitted,ugijbDUP-mo,partial,not_targeted,
12049,12,Alistar,Black Alistar Modern,skin,referenced,0WRgH5pG-Sk,2026-07-05,chapters_omitted,0WRgH5pG-Sk,partial,not_targeted,
799001,799,Ambessa,Chosen of the Wolf Ambessa,skin,referenced,FL4IXgn7K2A,2024-11-04,chapters_omitted,FL4IXgn7K2A,partial,not_targeted,
799008,799,Ambessa,T1 Ambessa,skin,referenced,eb-xASN9mZc,2026-07-10,chapters_omitted,eb-xASN9mZc,partial,not_targeted,
32001,32,Amumu,Pharaoh Amumu,skin,search_incomplete,,,,,partial,partial,https://www.youtube.com/@SkinSpotlights/search?query=Pharaoh%20Amumu
32002,32,Amumu,Vancouver Amumu,skin,search_incomplete,,,,,partial,partial,https://www.youtube.com/@SkinSpotlights/search?query=Vancouver%20Amumu
32003,32,Amumu,Emumu,skin,search_incomplete,,,,,partial,partial,https://www.youtube.com/@SkinSpotlights/search?query=Emumu
32004,32,Amumu,Re-Gifted Amumu,skin,search_incomplete,,,,,partial,partial,https://www.youtube.com/@SkinSpotlights/search?query=Re-Gifted%20Amumu
32005,32,Amumu,Almost-Prom King Amumu,skin,search_incomplete,,,,,partial,partial,https://www.youtube.com/@SkinSpotlights/search?query=Almost-Prom%20King%20Amumu
32006,32,Amumu,Little Knight Amumu,skin,search_incomplete,,,,,partial,partial,https://www.youtube.com/@SkinSpotlights/search?query=Little%20Knight%20Amumu
32007,32,Amumu,Sad Robot Amumu,skin,search_incomplete,,,,,partial,partial,https://www.youtube.com/@SkinSpotlights/search?query=Sad%20Robot%20Amumu
32008,32,Amumu,Surprise Party Amumu,skin,outside_date_window,,,too_old,yqTNSKMfHrU,partial,not_targeted,
32017,32,Amumu,Infernal Amumu,skin,outside_date_window,,,too_old,DFpP1SazpZE,partial,not_targeted,
32023,32,Amumu,Hextech Amumu,skin,outside_date_window,,,too_old,OjcTrqt9PPI,partial,not_targeted,
32024,32,Amumu,Pumpkin Prince Amumu,skin,referenced,OAoYbsRqgRY,2020-10-11,chapters_omitted,OAoYbsRqgRY,partial,not_targeted,
32034,32,Amumu,Porcelain Amumu,skin,referenced,yzTB644jBYg,2022-01-26,chapters_omitted,yzTB644jBYg,partial,not_targeted,
32044,32,Amumu,Heartache Amumu,skin,referenced,oQ3ddgDDSHc,2023-02-02,chapters_omitted,oQ3ddgDDSHc,partial,not_targeted,
32053,32,Amumu,Dumpling Darlings Amumu,skin,referenced,6VGwfCxsS-Q,2025-01-19,chapters_omitted,6VGwfCxsS-Q,partial,not_targeted,
34001,34,Anivia,Team Spirit Anivia,skin,search_incomplete,,,,,partial,partial,https://www.youtube.com/@SkinSpotlights/search?query=Team%20Spirit%20Anivia
34002,34,Anivia,Bird of Prey Anivia,skin,search_incomplete,,,,,partial,partial,https://www.youtube.com/@SkinSpotlights/search?query=Bird%20of%20Prey%20Anivia
34003,34,Anivia,Noxus Hunter Anivia,skin,search_incomplete,,,,,partial,partial,https://www.youtube.com/@SkinSpotlights/search?query=Noxus%20Hunter%20Anivia
34004,34,Anivia,Hextech Anivia,skin,search_incomplete,,,,,partial,partial,https://www.youtube.com/@SkinSpotlights/search?query=Hextech%20Anivia
34005,34,Anivia,Blackfrost Anivia,skin,search_incomplete,,,,,partial,partial,https://www.youtube.com/@SkinSpotlights/search?query=Blackfrost%20Anivia
34006,34,Anivia,Prehistoric Anivia,skin,outside_date_window,,,too_old,umyYbp4Oo4Q,partial,not_targeted,
34007,34,Anivia,Festival Queen Anivia,skin,outside_date_window,,,too_old,ZjjcoVuEeFA,partial,not_targeted,
34008,34,Anivia,Papercraft Anivia,skin,outside_date_window,,,too_old,kF0FN4gHND4,partial,not_targeted,
34017,34,Anivia,Cosmic Flight Anivia,skin,referenced,ClkGAD1RM74,2020-11-22,chapters_omitted,ClkGAD1RM74,partial,not_targeted,
34027,34,Anivia,Divine Phoenix Anivia,skin,referenced,hiqeFhgBMrw,2021-08-23,chapters_omitted,hiqeFhgBMrw,partial,not_targeted,
34037,34,Anivia,Bewitching Batnivia,skin,referenced,z6bibod8yeQ,2022-10-15,chapters_omitted,z6bibod8yeQ,partial,partial,https://www.youtube.com/@SkinSpotlights/search?query=Bewitching%20Batnivia
34046,34,Anivia,Victorious Anivia,skin,referenced,9qkfevSr4EA,2023-06-25,chapters_omitted,9qkfevSr4EA,partial,not_targeted,
34056,34,Anivia,Old God Anivia,skin,search_incomplete,,,,,partial,partial,https://www.youtube.com/@SkinSpotlights/search?query=Old%20God%20Anivia
1001,1,Annie,Goth Annie,skin,search_incomplete,,,,,partial,partial,https://www.youtube.com/@SkinSpotlights/search?query=Goth%20Annie
1002,1,Annie,Red Riding Annie,skin,search_incomplete,,,,,partial,partial,https://www.youtube.com/@SkinSpotlights/search?query=Red%20Riding%20Annie
1003,1,Annie,Annie in Wonderland,skin,search_incomplete,,,,,partial,partial,https://www.youtube.com/@SkinSpotlights/search?query=Annie%20in%20Wonderland
1004,1,Annie,Prom Queen Annie,skin,search_incomplete,,,,,partial,partial,https://www.youtube.com/@SkinSpotlights/search?query=Prom%20Queen%20Annie
1005,1,Annie,Frostfire Annie,skin,search_incomplete,,,,,partial,partial,https://www.youtube.com/@SkinSpotlights/search?query=Frostfire%20Annie
1006,1,Annie,Reverse Annie,skin,search_incomplete,,,,,partial,partial,https://www.youtube.com/@SkinSpotlights/search?query=Reverse%20Annie
1007,1,Annie,FrankenTibbers Annie,skin,search_incomplete,,,,,partial,partial,https://www.youtube.com/@SkinSpotlights/search?query=FrankenTibbers%20Annie
1008,1,Annie,Panda Annie,skin,search_incomplete,,,,,partial,partial,https://www.youtube.com/@SkinSpotlights/search?query=Panda%20Annie
1009,1,Annie,Sweetheart Annie,skin,outside_date_window,,,too_old,m3EJpfmF1VU,partial,not_targeted,
1010,1,Annie,Hextech Annie,skin,outside_date_window,,,too_old,uWJ0oSWt9Jc,partial,partial,https://www.youtube.com/@SkinSpotlights/search?query=Hextech%20Annie
1011,1,Annie,Super Galaxy Annie,skin,outside_date_window,,,too_old,Sl0-CXHImks,partial,not_targeted,
1012,1,Annie,Annie-Versary,skin,referenced,a1mmKOpf_8E,2019-10-17,chapters_omitted,a1mmKOpf_8E,partial,not_targeted,
1013,1,Annie,Lunar Beast Annie,skin,referenced,r-ztX9Ok9YU,2021-02-04,chapters_omitted,r-ztX9Ok9YU,partial,not_targeted,
1022,1,Annie,Cafe Cuties Annie,skin,referenced,3klluVmg99g,2021-11-15,chapters_omitted,3klluVmg99g,partial,not_targeted,
1031,1,Annie,Fright Night Annie,skin,referenced,hUnFpfvWZ_8,2022-09-17,chapters_omitted,hUnFpfvWZ_8,partial,partial,https://www.youtube.com/@SkinSpotlights/search?query=Fright%20Night%20Annie
1040,1,Annie,Winterblessed Annie,skin,referenced,f8DQQhgWwA8,2023-12-03,chapters_omitted,f8DQQhgWwA8,partial,not_targeted,
1050,1,Annie,Battle Princess Annie,skin,referenced,Pd1X5j0Krzo,2024-08-25,chapters_omitted,Pd1X5j0Krzo,partial,not_targeted,
1059,1,Annie,Pandemonium Annie,skin,referenced,dVMatE6379E,2026-04-26,chapters_omitted,dVMatE6379E,partial,not_targeted,
1060,1,Annie,Goth Annie Modern,skin,referenced,XOA7ob5cf3s,2026-07-05,chapters_omitted,XOA7ob5cf3s,partial,not_targeted,
523001,523,Aphelios,Nightbringer Aphelios,skin,referenced,dQW5eiCagJs,2019-12-08,chapters_omitted,dQW5eiCagJs,partial,not_targeted,
523009,523,Aphelios,Lunar Beast Aphelios,skin,referenced,2ZkjNlRUx7o,2021-02-04,chapters_omitted,2ZkjNlRUx7o,partial,not_targeted,
523018,523,Aphelios,EDG Aphelios,skin,referenced,CZzkUqmUQVY,2022-05-08,chapters_omitted,CZzkUqmUQVY,partial,not_targeted,
523020,523,Aphelios,Spirit Blossom Aphelios,skin,referenced,Ci-JWkoHePk,2022-10-02,chapters_omitted,Ci-JWkoHePk,partial,not_targeted,
523030,523,Aphelios,HEARTSTEEL Aphelios,skin,referenced,lR_RESiaI68,2023-11-05,chapters_omitted,lR_RESiaI68,partial,not_targeted,
523040,523,Aphelios,Prestige Spirit Blossom Springs Aphelios,skin,referenced,8rL5I_2f054,2025-07-27,chapters_omitted,8rL5I_2f054,partial,not_targeted,
22001,22,Ashe,Freljord Ashe,skin,search_incomplete,,,,,partial,partial,https://www.youtube.com/@SkinSpotlights/search?query=Freljord%20Ashe
22002,22,Ashe,Sherwood Forest Ashe,skin,search_incomplete,,,,,partial,partial,https://www.youtube.com/@SkinSpotlights/search?query=Sherwood%20Forest%20Ashe
22003,22,Ashe,Woad Ashe,skin,search_incomplete,,,,,partial,partial,https://www.youtube.com/@SkinSpotlights/search?query=Woad%20Ashe
22004,22,Ashe,Queen Ashe,skin,search_incomplete,,,,,partial,partial,https://www.youtube.com/@SkinSpotlights/search?query=Queen%20Ashe
22005,22,Ashe,Amethyst Ashe,skin,search_incomplete,,,,,partial,partial,https://www.youtube.com/@SkinSpotlights/search?query=Amethyst%20Ashe
22006,22,Ashe,Heartseeker Ashe,skin,search_incomplete,,,,,partial,partial,https://www.youtube.com/@SkinSpotlights/search?query=Heartseeker%20Ashe
22007,22,Ashe,Marauder Ashe,skin,search_incomplete,,,,,partial,partial,https://www.youtube.com/@SkinSpotlights/search?query=Marauder%20Ashe
22008,22,Ashe,PROJECT: Ashe,skin,outside_date_window,,,too_old,dnqXhggpFUs,partial,not_targeted,
22009,22,Ashe,Worlds 2017 Ashe,skin,outside_date_window,,,too_old,JH3vot_hBhk,partial,not_targeted,
22011,22,Ashe,Cosmic Queen Ashe,skin,outside_date_window,,,too_old,aGv21RB0HLo,partial,partial,https://www.youtube.com/@SkinSpotlights/search?query=Cosmic%20Queen%20Ashe
22017,22,Ashe,High Noon Ashe,skin,referenced,1V1LuZZLv24,2019-10-07,chapters_omitted,1V1LuZZLv24,partial,not_targeted,
22023,22,Ashe,Fae Dragon Ashe,skin,referenced,mC5DrezmLrs,2020-09-28,chapters_omitted,mC5DrezmLrs,partial,not_targeted,
22032,22,Ashe,Coven Ashe,skin,referenced,TzhRWCCnl9I,2021-08-09,chapters_omitted,TzhRWCCnl9I,partial,not_targeted,
22043,22,Ashe,Ocean Song Ashe,skin,referenced,gGeLwgAMVYw,2022-06-05,chapters_omitted,gGeLwgAMVYw,partial,not_targeted,
22052,22,Ashe,Lunar Empress Ashe,skin,referenced,wwJ2Ar_CxUQ,2023-01-07,chapters_omitted,wwJ2Ar_CxUQ,partial,not_targeted,
22063,22,Ashe,DRX Ashe,skin,referenced,ii8Aaux9ezo,2023-05-29,chapters_omitted,ii8Aaux9ezo,partial,partial,https://www.youtube.com/@SkinSpotlights/search?query=DRX%20Ashe
22065,22,Ashe,Crystalis Motus Ashe,skin,search_incomplete,,,,,partial,partial,https://www.youtube.com/@SkinSpotlights/search?query=Crystalis%20Motus%20Ashe
22067,22,Ashe,Infernal Ashe,skin,referenced,Zsb3_BXeaeU,2024-05-26,chapters_omitted,Zsb3_BXeaeU,partial,not_targeted,
22076,22,Ashe,Spirit Blossom Ashe,skin,referenced,AIDwPEMm1S8,2025-04-27,chapters_omitted,AIDwPEMm1S8,partial,not_targeted,
22084,22,Ashe,Firecracker Ashe,skin,referenced,vPb_I2TV1mU,2026-02-02,chapters_omitted,vPb_I2TV1mU,partial,not_targeted,
136001,136,AurelionSol,Ashen Lord Aurelion Sol,skin,needs_review,,,before_visual_update | too_old,YfR09-1PZtQ | iT9cTp3Ydzs,partial,partial,https://www.youtube.com/@SkinSpotlights/search?query=Ashen%20Lord%20Aurelion%20Sol
136002,136,AurelionSol,Mecha Aurelion Sol,skin,needs_review,,,before_visual_update | too_old,pixb0KkTfS4 | pvJ8pU9uEcI,partial,partial,https://www.youtube.com/@SkinSpotlights/search?query=Mecha%20Aurelion%20Sol
136011,136,AurelionSol,Storm Dragon Aurelion Sol,skin,needs_review,,,before_visual_update,432ETx_2Sfg | UEFm6s3TJYQ,partial,partial,https://www.youtube.com/@SkinSpotlights/search?query=Storm%20Dragon%20Aurelion%20Sol
136021,136,AurelionSol,Inkshadow Aurelion Sol,skin,referenced,ppsg2h5wZrw,2023-04-30,chapters_omitted,ppsg2h5wZrw,partial,not_targeted,
136031,136,AurelionSol,Porcelain Protector Aurelion Sol,skin,referenced,i2-Fj0XW6oM,2024-02-18,chapters_omitted,i2-Fj0XW6oM,partial,not_targeted,
136038,136,AurelionSol,Divine Architect Porcelain Aurelion Sol,skin,referenced,rIQvoVXv4Pk,2026-02-16,chapters_omitted,rIQvoVXv4Pk,partial,not_targeted,
893001,893,Aurora,Battle Bunny Aurora,skin,needs_review,,,before_visual_update,rGHe90rmEpw,partial,partial,https://www.youtube.com/@SkinSpotlights/search?query=Battle%20Bunny%20Aurora
893011,893,Aurora,Arcana Aurora,skin,referenced,4HEGhUveSH0,2025-09-21,chapters_omitted,4HEGhUveSH0,partial,not_targeted,
893020,893,Aurora,Broken Covenant Aurora,skin,referenced,A3ussHZnF_8,2026-06-21,chapters_omitted,A3ussHZnF_8,partial,not_targeted,
268001,268,Azir,Galactic Azir,skin,search_incomplete,,,,,partial,partial,https://www.youtube.com/@SkinSpotlights/search?query=Galactic%20Azir
268002,268,Azir,Gravelord Azir,skin,outside_date_window,,,too_old,0q0zEBb3410,partial,not_targeted,
268003,268,Azir,SKT T1 Azir,skin,search_incomplete,,,,,partial,partial,https://www.youtube.com/@SkinSpotlights/search?query=SKT%20T1%20Azir
268004,268,Azir,Warring Kingdoms Azir,skin,outside_date_window,,,too_old,c2Lc7G6iPwM,partial,not_targeted,
268005,268,Azir,Elderwood Azir,skin,referenced,z6mIyXXpAYQ,2020-12-07,chapters_omitted,z6mIyXXpAYQ,partial,not_targeted,
268014,268,Azir,Worlds 2022 Azir,skin,referenced,eYndFWvJaBE,2022-09-17,chapters_omitted,eYndFWvJaBE,partial,not_targeted,
268019,268,Azir,Attorney Azir,skin,referenced,pvuCdLe25Uk,2024-09-08,chapters_omitted,pvuCdLe25Uk,partial,not_targeted,
432001,432,Bard,Elderwood Bard,skin,outside_date_window,,,too_old,115huoS7p4Q,partial,not_targeted,
432005,432,Bard,Snow Day Bard,skin,outside_date_window,,,too_old,N3kiW-R_-Hg,partial,not_targeted,
432006,432,Bard,Bard Bard,skin,outside_date_window,,,too_old,CjQeLObqdaw,partial,not_targeted,
432008,432,Bard,Astronaut Bard,skin,referenced,0-D38clPAFI,2020-05-25,chapters_omitted,0-D38clPAFI,partial,not_targeted,
432017,432,Bard,Cafe Cuties Bard,skin,referenced,7WOf2Ju-KGE,2021-11-15,chapters_omitted,7WOf2Ju-KGE,partial,not_targeted,
432026,432,Bard,Shan Hai Scrolls Bard,skin,referenced,adH4ernESoM,2023-06-11,chapters_omitted,adH4ernESoM,partial,not_targeted,
432035,432,Bard,T1 Bard,skin,referenced,HfPForzLE6I,2024-08-11,chapters_omitted,HfPForzLE6I,partial,not_targeted,
432037,432,Bard,Spirit Blossom Bard,skin,referenced,bD0TKlTy2Mk,2025-04-27,chapters_omitted,bD0TKlTy2Mk,partial,not_targeted,
200001,200,Belveth,Battle Boss Bel'Veth,skin,referenced,tQY0B_tjDUI,2022-06-05,chapters_omitted,tQY0B_tjDUI,partial,not_targeted,
200010,200,Belveth,Cosmic Matriarch Bel'Veth,skin,referenced,tzEV7XbB-a0,2023-08-27,chapters_omitted,tzEV7XbB-a0,partial,not_targeted,
200019,200,Belveth,Primordian Bel'Veth,skin,referenced,s6cSnUUQDrI,2024-07-14,chapters_omitted,s6cSnUUQDrI,partial,not_targeted,
200029,200,Belveth,Faerie Court Bel'Veth,skin,referenced,ZkEa3QGnKl8,2026-08-09,chapters_omitted,ZkEa3QGnKl8,partial,not_targeted,
53001,53,Blitzcrank,Rusty Blitzcrank,skin,search_incomplete,,,,,partial,partial,https://www.youtube.com/@SkinSpotlights/search?query=Rusty%20Blitzcrank
53002,53,Blitzcrank,Goalkeeper Blitzcrank,skin,search_incomplete,,,,,partial,partial,https://www.youtube.com/@SkinSpotlights/search?query=Goalkeeper%20Blitzcrank
53003,53,Blitzcrank,Boom Boom Blitzcrank,skin,search_incomplete,,,,,partial,partial,https://www.youtube.com/@SkinSpotlights/search?query=Boom%20Boom%20Blitzcrank
53004,53,Blitzcrank,Piltover Customs Blitzcrank,skin,search_incomplete,,,,,partial,partial,https://www.youtube.com/@SkinSpotlights/search?query=Piltover%20Customs%20Blitzcrank
53005,53,Blitzcrank,Definitely Not Blitzcrank,skin,search_incomplete,,,,,partial,partial,https://www.youtube.com/@SkinSpotlights/search?query=Definitely%20Not%20Blitzcrank
53006,53,Blitzcrank,iBlitzcrank,skin,search_incomplete,,,,,partial,partial,https://www.youtube.com/@SkinSpotlights/search?query=iBlitzcrank
53007,53,Blitzcrank,Riot Blitzcrank,skin,search_incomplete,,,,,partial,partial,https://www.youtube.com/@SkinSpotlights/search?query=Riot%20Blitzcrank
53011,53,Blitzcrank,Battle Boss Blitzcrank,skin,outside_date_window,,,too_old,fjFsBUvpTYw,partial,not_targeted,
53020,53,Blitzcrank,Lancer Rogue Blitzcrank,skin,outside_date_window,,,too_old,sBqDMkhbyaA,partial,not_targeted,
53021,53,Blitzcrank,Lancer Paragon Blitzcrank,skin,outside_date_window,,,too_old,ytYXGJy5Dck,partial,not_targeted,
53022,53,Blitzcrank,Witch's Brew Blitzcrank,skin,search_incomplete,,,,,partial,partial,https://www.youtube.com/@SkinSpotlights/search?query=Witch%27s%20Brew%20Blitzcrank
53029,53,Blitzcrank,Space Groove Blitz & Crank,skin,search_incomplete,,,,,partial,partial,https://www.youtube.com/@SkinSpotlights/search?query=Space%20Groove%20Blitz%20%26%20Crank
53036,53,Blitzcrank,Victorious Blitzcrank,skin,referenced,5vJIkP2TiBU,2021-11-01,chapters_omitted,5vJIkP2TiBU,partial,not_targeted,
53047,53,Blitzcrank,Zenith Games Blitzcrank,skin,referenced,SvtKDFMRARw,2022-09-04,chapters_omitted,SvtKDFMRARw,partial,not_targeted,
53056,53,Blitzcrank,Beezcrank,skin,referenced,Dm86rGVHVlo,2023-11-18,chapters_omitted,Dm86rGVHVlo,partial,not_targeted,
53066,53,Blitzcrank,Bubble Bash Blitzcrank,skin,referenced,Nv3MbcekE7M,2026-03-29,chapters_omitted,Nv3MbcekE7M,partial,not_targeted,
53075,53,Blitzcrank,Rustier Blitzcrank,skin,search_incomplete,,,,,partial,partial,https://www.youtube.com/@SkinSpotlights/search?query=Rustier%20Blitzcrank
53076,53,Blitzcrank,Rustiest Blitzcrank,skin,search_incomplete,,,,,partial,partial,https://www.youtube.com/@SkinSpotlights/search?query=Rustiest%20Blitzcrank
63001,63,Brand,Apocalyptic Brand,skin,referenced,fb_rTjjLDeY,2024-01-23,chapters_omitted | too_old,NJi9ykg9l9A | fb_rTjjLDeY,partial,not_targeted,
63002,63,Brand,Vandal Brand,skin,referenced,lHqospKdMnQ,2024-01-23,chapters_omitted | too_old,8kWzqh-jGo4 | lHqospKdMnQ,partial,not_targeted,
63003,63,Brand,Cryocore Brand,skin,referenced,yLi6lLCXsCs,2024-01-23,chapters_omitted | too_old,hSwhRzXncPA | yLi6lLCXsCs,partial,partial,https://www.youtube.com/@SkinSpotlights/search?query=Cryocore%20Brand
63004,63,Brand,Zombie Brand,skin,referenced,7nRqgOlRq0w,2024-01-23,chapters_omitted | too_old,7nRqgOlRq0w | RPsI2ShBwvQ,partial,not_targeted,
63005,63,Brand,Spirit Fire Brand,skin,referenced,kLniXcUOtdc,2024-01-23,chapters_omitted,kLniXcUOtdc,partial,not_targeted,
63006,63,Brand,Battle Boss Brand,skin,referenced,TT4VmsTsYK4,2024-01-23,chapters_omitted,TT4VmsTsYK4,partial,not_targeted,
63007,63,Brand,Arclight Brand,skin,outside_date_window,,,too_old,OZFVNVN5DHQ,partial,partial,https://www.youtube.com/@SkinSpotlights/search?query=Arclight%20Brand
63008,63,Brand,Eternal Dragon Brand,skin,referenced,G8MCj2Ryuvo,2020-09-28,chapters_omitted,G8MCj2Ryuvo,partial,not_targeted,
63021,63,Brand,Debonair Brand,skin,referenced,0JhgqtRfL4c,2021-12-05,chapters_omitted,0JhgqtRfL4c,partial,partial,https://www.youtube.com/@SkinSpotlights/search?query=Debonair%20Brand
63022,63,Brand,Prestige Debonair Brand,skin,referenced,D7RdsvtIG-o,2021-12-05,chapters_omitted,D7RdsvtIG-o,partial,not_targeted,
63033,63,Brand,Street Demons Brand,skin,referenced,S3A2mlciPjY,2023-09-10,chapters_omitted,S3A2mlciPjY,partial,not_targeted,
63042,63,Brand,Empyrean Brand,skin,referenced,0sTA5U9g23U,2024-04-28,chapters_omitted,0sTA5U9g23U,partial,partial,https://www.youtube.com/@SkinSpotlights/search?query=Empyrean%20Brand
63053,63,Brand,Sinful Shores Brand,skin,referenced,ThV6M2rkrNw,2026-06-07,chapters_omitted,ThV6M2rkrNw,partial,not_targeted,
201001,201,Braum,Dragonslayer Braum,skin,search_incomplete,,,,,partial,partial,https://www.youtube.com/@SkinSpotlights/search?query=Dragonslayer%20Braum
201002,201,Braum,El Tigre Braum,skin,outside_date_window,,,too_old,xSth6eKu7u4,partial,not_targeted,
201003,201,Braum,Braum Lionheart,skin,search_incomplete,,,,,partial,partial,https://www.youtube.com/@SkinSpotlights/search?query=Braum%20Lionheart
201010,201,Braum,Santa Braum,skin,outside_date_window,,,too_old,53R4LlTzBoc,partial,not_targeted,
201011,201,Braum,Crime City Braum,skin,search_incomplete,,,,,partial,partial,https://www.youtube.com/@SkinSpotlights/search?query=Crime%20City%20Braum
201024,201,Braum,Sugar Rush Braum,skin,referenced,5bNh4fDEfx8,2019-12-08,chapters_omitted,5bNh4fDEfx8,partial,not_targeted,
201033,201,Braum,Pool Party Braum,skin,referenced,WmUY9-YI4rk,2021-06-07,chapters_omitted,WmUY9-YI4rk,partial,not_targeted,
201042,201,Braum,Grill Master Braum,skin,referenced,go2iWzrpXZk,2025-03-29,chapters_omitted,go2iWzrpXZk,partial,not_targeted,
201051,201,Braum,Victorious Braum,skin,referenced,H6K1YvUPYrY,2026-04-12,chapters_omitted,H6K1YvUPYrY,partial,not_targeted,
233001,233,Briar,Street Demons Briar,skin,referenced,L3CbNA5nOLU,2023-09-10,chapters_omitted,L3CbNA5nOLU,partial,not_targeted,
233010,233,Briar,Primordian Briar,skin,referenced,505nVbdDzn0,2024-07-28,chapters_omitted,505nVbdDzn0,partial,not_targeted,
233020,233,Briar,Battle Academia Briar,skin,referenced,Evo9q-vB69Q,2026-01-19,chapters_omitted,Evo9q-vB69Q,partial,not_targeted,
51001,51,Caitlyn,Resistance Caitlyn,skin,search_incomplete,,,,,partial,partial,https://www.youtube.com/@SkinSpotlights/search?query=Resistance%20Caitlyn
51002,51,Caitlyn,Sheriff Caitlyn,skin,search_incomplete,,,,,partial,partial,https://www.youtube.com/@SkinSpotlights/search?query=Sheriff%20Caitlyn
51003,51,Caitlyn,Safari Caitlyn,skin,search_incomplete,,,,,partial,partial,https://www.youtube.com/@SkinSpotlights/search?query=Safari%20Caitlyn
51004,51,Caitlyn,Arctic Warfare Caitlyn,skin,search_incomplete,,,,,partial,partial,https://www.youtube.com/@SkinSpotlights/search?query=Arctic%20Warfare%20Caitlyn
51005,51,Caitlyn,Officer Caitlyn,skin,search_incomplete,,,,,partial,partial,https://www.youtube.com/@SkinSpotlights/search?query=Officer%20Caitlyn
51006,51,Caitlyn,Headhunter Caitlyn,skin,search_incomplete,,,,,partial,partial,https://www.youtube.com/@SkinSpotlights/search?query=Headhunter%20Caitlyn
51010,51,Caitlyn,Lunar Wraith Caitlyn,skin,outside_date_window,,,too_old,IUlqFx2KBjA,partial,partial,https://www.youtube.com/@SkinSpotlights/search?query=Lunar%20Wraith%20Caitlyn
51011,51,Caitlyn,Pulsefire Caitlyn,skin,outside_date_window,,,too_old,R5XowZx_M0U,partial,not_targeted,
51013,51,Caitlyn,Pool Party Caitlyn,skin,outside_date_window,,,too_old,HrGSfqDUqsY,partial,not_targeted,
51019,51,Caitlyn,Arcade Caitlyn,skin,outside_date_window,,,too_old,dzmauuwc5GA,partial,not_targeted,
51020,51,Caitlyn,Prestige Arcade Caitlyn,skin,outside_date_window,,,too_old,atN3BrmkBmM,partial,partial,https://www.youtube.com/@SkinSpotlights/search?query=Prestige%20Arcade%20Caitlyn
51022,51,Caitlyn,Battle Academia Caitlyn,skin,needs_review,,,before_visual_update,fjbQESJ_vGk,partial,partial,https://www.youtube.com/@SkinSpotlights/search?query=Battle%20Academia%20Caitlyn
51028,51,Caitlyn,Arcane Enforcer Caitlyn,skin,search_incomplete,,,,,partial,partial,https://www.youtube.com/@SkinSpotlights/search?query=Arcane%20Enforcer%20Caitlyn
51029,51,Caitlyn,Prestige Arcade Caitlyn (2022),skin,search_incomplete,,,,,partial,partial,https://www.youtube.com/@SkinSpotlights/search?query=Prestige%20Arcade%20Caitlyn%20%282022%29
51030,51,Caitlyn,Snow Moon Caitlyn,skin,referenced,TWwPSDPXM1Y,2022-06-20,chapters_omitted,TWwPSDPXM1Y,partial,not_targeted,
51039,51,Caitlyn,Heartthrob Caitlyn,skin,referenced,SzdSZsh59Cs,2023-02-02,chapters_omitted,SzdSZsh59Cs,partial,not_targeted,
51048,51,Caitlyn,DRX Caitlyn,skin,referenced,mZI5s5PqIaQ,2023-05-29,chapters_omitted,mZI5s5PqIaQ,partial,not_targeted,
51050,51,Caitlyn,Arcane Commander Caitlyn,skin,referenced,bSwhZPGUB9o,2024-11-17,chapters_omitted,bSwhZPGUB9o,partial,not_targeted,
51051,51,Caitlyn,Prestige Arcane Commander Caitlyn,skin,referenced,92PhbwM1b0M,2024-11-17,chapters_omitted,92PhbwM1b0M,partial,not_targeted,
51054,51,Caitlyn,Firecracker Caitlyn,skin,referenced,s6LYZJz9VLw,2026-02-02,chapters_omitted,s6LYZJz9VLw,partial,not_targeted,
164001,164,Camille,Program Camille,skin,outside_date_window,,,too_old,BHYQcDubfQ4,partial,not_targeted,
164002,164,Camille,Coven Camille,skin,outside_date_window,,,too_old,ekf4DbyCAu0,partial,not_targeted,
164010,164,Camille,iG Camille,skin,search_incomplete,,,,,partial,partial,https://www.youtube.com/@SkinSpotlights/search?query=iG%20Camille
164011,164,Camille,Arcana Camille,skin,referenced,clUsEG-ucYM,2021-05-10,chapters_omitted,clUsEG-ucYM,partial,not_targeted,
164021,164,Camille,Strike Commander Camille,skin,referenced,wnHk6xokx50,2022-08-21,chapters_omitted,wnHk6xokx50,partial,not_targeted,
164031,164,Camille,Winterblessed Camille,skin,referenced,nRtRXEQsTj0,2023-12-03,chapters_omitted,nRtRXEQsTj0,partial,not_targeted,
164032,164,Camille,Prestige Winterblessed Camille,skin,referenced,mY8mN5IDi_M,2023-12-03,chapters_omitted,mY8mN5IDi_M,partial,not_targeted,
164044,164,Camille,Petals of Spring Camille,skin,referenced,NL1oa5ENR9Q,2026-02-16,chapters_omitted,NL1oa5ENR9Q,partial,not_targeted,
69001,69,Cassiopeia,Desperada Cassiopeia,skin,outside_date_window,,,too_old,I1bbd6XRtWQ,partial,not_targeted,
69002,69,Cassiopeia,Siren Cassiopeia,skin,outside_date_window,,,too_old,HjyZeXiAyJo,partial,not_targeted,
69003,69,Cassiopeia,Mythic Cassiopeia,skin,outside_date_window,,,too_old,4vdgCRHHnG8,partial,not_targeted,
69004,69,Cassiopeia,Jade Fang Cassiopeia,skin,outside_date_window,,,too_old,Y4ZXAdAgqRE,partial,not_targeted,
69008,69,Cassiopeia,Eternum Cassiopeia,skin,outside_date_window,,,too_old,X4qrdSuDo1Y,partial,not_targeted,
69009,69,Cassiopeia,Spirit Blossom Cassiopeia,skin,referenced,xvUfs2SSxJs,2020-08-03,chapters_omitted,xvUfs2SSxJs,partial,not_targeted,
69018,69,Cassiopeia,Coven Cassiopeia,skin,referenced,waUeEk9cf_k,2021-08-09,chapters_omitted,waUeEk9cf_k,partial,not_targeted,
69028,69,Cassiopeia,Bewitching Cassiopeia,skin,referenced,6NhBNBrtG2k,2022-10-15,chapters_omitted,6NhBNBrtG2k,partial,not_targeted,
69038,69,Cassiopeia,Prestige Mythmaker Cassiopeia,skin,referenced,28ebYZq6fmk,2025-01-19,chapters_omitted,28ebYZq6fmk,partial,not_targeted,
31001,31,Chogath,Nightmare Cho'Gath,skin,search_incomplete,,,,,partial,partial,https://www.youtube.com/@SkinSpotlights/search?query=Nightmare%20Cho%27Gath
31002,31,Chogath,Gentleman Cho'Gath,skin,search_incomplete,,,,,partial,partial,https://www.youtube.com/@SkinSpotlights/search?query=Gentleman%20Cho%27Gath
31003,31,Chogath,Loch Ness Cho'Gath,skin,search_incomplete,,,,,partial,partial,https://www.youtube.com/@SkinSpotlights/search?query=Loch%20Ness%20Cho%27Gath
31004,31,Chogath,Jurassic Cho'Gath,skin,search_incomplete,,,,,partial,partial,https://www.youtube.com/@SkinSpotlights/search?query=Jurassic%20Cho%27Gath
31005,31,Chogath,Battlecast Prime Cho'Gath,skin,search_incomplete,,,,,partial,partial,https://www.youtube.com/@SkinSpotlights/search?query=Battlecast%20Prime%20Cho%27Gath
31006,31,Chogath,Prehistoric Cho'Gath,skin,outside_date_window,,,too_old,lR2M7RFOcX0,partial,not_targeted,
31007,31,Chogath,Dark Star Cho'Gath,skin,outside_date_window,,,too_old,Z4oIrPyAbaw,partial,not_targeted,
31014,31,Chogath,Shan Hai Scrolls Cho'Gath,skin,referenced,BVZzYQwvESg,2021-01-18,chapters_omitted,BVZzYQwvESg,partial,not_targeted,
31023,31,Chogath,Broken Covenant Cho'Gath,skin,referenced,TcYKzo9pO-Q,2023-03-05,chapters_omitted,TcYKzo9pO-Q,partial,not_targeted,
31032,31,Chogath,Toy Terror Cho'Gath,skin,referenced,M_Nsdp5V2mA,2024-03-31,chapters_omitted,M_Nsdp5V2mA,partial,not_targeted,
31041,31,Chogath,Petricite Cho'Gath,skin,referenced,WMsQAkJV7cY,2026-01-05,chapters_omitted,WMsQAkJV7cY,partial,not_targeted,
42001,42,Corki,UFO Corki,skin,search_incomplete,,,,,partial,partial,https://www.youtube.com/@SkinSpotlights/search?query=UFO%20Corki
42002,42,Corki,Ice Toboggan Corki,skin,search_incomplete,,,,,partial,partial,https://www.youtube.com/@SkinSpotlights/search?query=Ice%20Toboggan%20Corki
42003,42,Corki,Red Baron Corki,skin,search_incomplete,,,,,partial,partial,https://www.youtube.com/@SkinSpotlights/search?query=Red%20Baron%20Corki
42004,42,Corki,Hot Rod Corki,skin,search_incomplete,,,,,partial,partial,https://www.youtube.com/@SkinSpotlights/search?query=Hot%20Rod%20Corki
42005,42,Corki,Urfrider Corki,skin,search_incomplete,,,,,partial,partial,https://www.youtube.com/@SkinSpotlights/search?query=Urfrider%20Corki
42006,42,Corki,Dragonwing Corki,skin,search_incomplete,,,,,partial,partial,https://www.youtube.com/@SkinSpotlights/search?query=Dragonwing%20Corki
42007,42,Corki,Fnatic Corki,skin,search_incomplete,,,,,partial,partial,https://www.youtube.com/@SkinSpotlights/search?query=Fnatic%20Corki
42008,42,Corki,Arcade Corki,skin,search_incomplete,,,,,partial,partial,https://www.youtube.com/@SkinSpotlights/search?query=Arcade%20Corki
42018,42,Corki,Corgi Corki,skin,outside_date_window,,,too_old,0I6CdJjmZfI,partial,not_targeted,
42026,42,Corki,Astronaut Corki,skin,referenced,0BeoN9I74F0,2021-06-21,chapters_omitted,0BeoN9I74F0,partial,not_targeted,
42036,42,Corki,Brick Toy Corki,skin,referenced,A5Vm3NsSaLo,2025-08-09,chapters_omitted,A5Vm3NsSaLo,partial,not_targeted,
122001,122,Darius,Lord Darius,skin,search_incomplete,,,,,partial,partial,https://www.youtube.com/@SkinSpotlights/search?query=Lord%20Darius
122002,122,Darius,Bioforge Darius,skin,search_incomplete,,,,,partial,partial,https://www.youtube.com/@SkinSpotlights/search?query=Bioforge%20Darius
122003,122,Darius,Woad King Darius,skin,search_incomplete,,,,,partial,partial,https://www.youtube.com/@SkinSpotlights/search?query=Woad%20King%20Darius
122004,122,Darius,Dunkmaster Darius,skin,search_incomplete,,,,,partial,partial,https://www.youtube.com/@SkinSpotlights/search?query=Dunkmaster%20Darius
122008,122,Darius,Academy Darius,skin,outside_date_window,,,too_old,w2FvHJLTmZM,partial,partial,https://www.youtube.com/@SkinSpotlights/search?query=Academy%20Darius
122014,122,Darius,Dreadnova Darius,skin,outside_date_window,,,too_old,swBrKgTWs-c,partial,not_targeted,
122015,122,Darius,God-King Darius,skin,outside_date_window,,,too_old,vRu0IznjCSc,partial,not_targeted,
122016,122,Darius,High Noon Darius,skin,referenced,TJH4AmlezZA,2019-10-07,chapters_omitted,TJH4AmlezZA,partial,not_targeted,
122024,122,Darius,Lunar Beast Darius,skin,referenced,ioams54Dtc0,2021-02-04,chapters_omitted,ioams54Dtc0,partial,not_targeted,
122033,122,Darius,Crime City Nightmare Darius,skin,referenced,yAHxF2hNe2I,2021-08-23,chapters_omitted,yAHxF2hNe2I,partial,not_targeted,
122043,122,Darius,Spirit Blossom Darius,skin,referenced,cVIZ-kUnOGM,2022-10-02,chapters_omitted,cVIZ-kUnOGM,partial,not_targeted,
122054,122,Darius,Porcelain Darius,skin,referenced,ie1MgcnSrG4,2024-02-29,chapters_omitted,ie1MgcnSrG4,partial,not_targeted,
122064,122,Darius,Divine God-King Darius,skin,search_incomplete,,,,,partial,partial,https://www.youtube.com/@SkinSpotlights/search?query=Divine%20God-King%20Darius
122065,122,Darius,Prestige Triumphant General Darius,skin,referenced,NE6pLJkpmlc,2025-03-01,chapters_omitted,NE6pLJkpmlc,partial,not_targeted,
122067,122,Darius,Mecha Kingdoms Darius,skin,referenced,IIYjp9xEPgY,2025-11-02,chapters_omitted,IIYjp9xEPgY,partial,not_targeted,
131001,131,Diana,Dark Valkyrie Diana,skin,search_incomplete,,,,,partial,partial,https://www.youtube.com/@SkinSpotlights/search?query=Dark%20Valkyrie%20Diana
131002,131,Diana,Lunar Goddess Diana,skin,search_incomplete,,,,,partial,partial,https://www.youtube.com/@SkinSpotlights/search?query=Lunar%20Goddess%20Diana
131003,131,Diana,Infernal Diana,skin,outside_date_window,,,too_old,O-2BtxnZTkU,partial,partial,https://www.youtube.com/@SkinSpotlights/search?query=Infernal%20Diana
131011,131,Diana,Blood Moon Diana,skin,outside_date_window,,,too_old,s2hLnBAc53Y,partial,partial,https://www.youtube.com/@SkinSpotlights/search?query=Blood%20Moon%20Diana
131012,131,Diana,Dark Waters Diana,skin,outside_date_window,,,too_old,NU2KeeAUATE,partial,partial,https://www.youtube.com/@SkinSpotlights/search?query=Dark%20Waters%20Diana
131018,131,Diana,Dragonslayer Diana,skin,referenced,zRg0buu1meo,2020-01-21,chapters_omitted,zRg0buu1meo,partial,not_targeted,
131025,131,Diana,Battle Queen Diana,skin,referenced,xOYiHxy5l2M,2020-12-07,chapters_omitted,xOYiHxy5l2M,partial,not_targeted,
131026,131,Diana,Prestige Battle Queen Diana,skin,referenced,y1uxbtJrhHE,2020-12-07,chapters_omitted,y1uxbtJrhHE,partial,not_targeted,
131027,131,Diana,Sentinel Diana,skin,referenced,82ycLbXFaQw,2021-07-05,chapters_omitted,82ycLbXFaQw,partial,partial,https://www.youtube.com/@SkinSpotlights/search?query=Sentinel%20Diana
131037,131,Diana,Firecracker Diana,skin,referenced,8K6taGusbsY,2022-01-26,chapters_omitted,8K6taGusbsY,partial,not_targeted,
131047,131,Diana,Winterblessed Diana,skin,referenced,b0yDNY51xgY,2022-12-05,chapters_omitted,b0yDNY51xgY,partial,not_targeted,
131054,131,Diana,Heavenscale Diana,skin,referenced,UEQiCvLRYdg,2024-02-04,chapters_omitted,UEQiCvLRYdg,partial,not_targeted,
131064,131,Diana,Dark Cosmic Diana,skin,referenced,c6wMyAeEQco,2024-10-20,chapters_omitted,c6wMyAeEQco,partial,not_targeted,
131065,131,Diana,Prestige Dark Cosmic Diana,skin,referenced,0SB1KOOFY-s,2024-10-20,chapters_omitted,0SB1KOOFY-s,partial,not_targeted,
131076,131,Diana,Eternal Aspect Diana,skin,referenced,GSKHIxe34dk,2026-05-25,chapters_omitted,GSKHIxe34dk,partial,partial,https://www.youtube.com/@SkinSpotlights/search?query=Eternal%20Aspect%20Diana
131077,131,Diana,Eclipse Eternal Aspect Diana,skin,referenced,IOIWmD-mSFY,2026-05-25,chapters_omitted,IOIWmD-mSFY,partial,partial,https://www.youtube.com/@SkinSpotlights/search?query=Eclipse%20Eternal%20Aspect%20Diana
36001,36,DrMundo,Toxic Dr. Mundo,skin,search_incomplete,,,,,partial,partial,https://www.youtube.com/@SkinSpotlights/search?query=Toxic%20Dr.%20Mundo
36002,36,DrMundo,Mr. Mundoverse,skin,search_incomplete,,,,,partial,partial,https://www.youtube.com/@SkinSpotlights/search?query=Mr.%20Mundoverse
36003,36,DrMundo,Corporate Mundo,skin,needs_review,,,before_visual_update,gt_3xKHJxyg,partial,partial,https://www.youtube.com/@SkinSpotlights/search?query=Corporate%20Mundo
36004,36,DrMundo,Mundo Mundo,skin,needs_review,,,before_visual_update,LFk4F0rakEQ,partial,partial,https://www.youtube.com/@SkinSpotlights/search?query=Mundo%20Mundo
36005,36,DrMundo,Executioner Mundo,skin,needs_review,,,before_visual_update,qjx3BGSBWnk,partial,partial,https://www.youtube.com/@SkinSpotlights/search?query=Executioner%20Mundo
36006,36,DrMundo,Rageborn Mundo,skin,needs_review,,,before_visual_update,tHiqGJoFDvM,partial,partial,https://www.youtube.com/@SkinSpotlights/search?query=Rageborn%20Mundo
36007,36,DrMundo,TPA Mundo,skin,needs_review,,,before_visual_update,turY3DJ4wfU,partial,partial,https://www.youtube.com/@SkinSpotlights/search?query=TPA%20Mundo
36008,36,DrMundo,Pool Party Mundo,skin,needs_review,,,before_visual_update | too_old,tdA-pWv0OsI | xHzlBkxv9tA,partial,partial,https://www.youtube.com/@SkinSpotlights/search?query=Pool%20Party%20Mundo
36009,36,DrMundo,El Macho Mundo,skin,needs_review,,,before_visual_update | too_old,eBv5izKaLfQ | vjjTCpMtsD8,partial,partial,https://www.youtube.com/@SkinSpotlights/search?query=El%20Macho%20Mundo
36010,36,DrMundo,Frozen Prince Mundo,skin,needs_review,,,before_visual_update | too_old,D82OGoK8QFI | SHwbHDxyGuA,partial,partial,https://www.youtube.com/@SkinSpotlights/search?query=Frozen%20Prince%20Mundo
36021,36,DrMundo,Street Demons Dr. Mundo,skin,search_incomplete,,,,,partial,partial,https://www.youtube.com/@SkinSpotlights/search?query=Street%20Demons%20Dr.%20Mundo
119001,119,Draven,Soul Reaver Draven,skin,search_incomplete,,,,,partial,partial,https://www.youtube.com/@SkinSpotlights/search?query=Soul%20Reaver%20Draven
119002,119,Draven,Gladiator Draven,skin,search_incomplete,,,,,partial,partial,https://www.youtube.com/@SkinSpotlights/search?query=Gladiator%20Draven
119003,119,Draven,Primetime Draven,skin,search_incomplete,,,,,partial,partial,https://www.youtube.com/@SkinSpotlights/search?query=Primetime%20Draven
119004,119,Draven,Pool Party Draven,skin,outside_date_window,,,too_old,BHWxwFlcw3g,partial,partial,https://www.youtube.com/@SkinSpotlights/search?query=Pool%20Party%20Draven
119005,119,Draven,Beast Hunter Draven,skin,outside_date_window,,,too_old,j0a4yt28Bvc,partial,not_targeted,
119006,119,Draven,Draven Draven,skin,outside_date_window,,,too_old,DKOuicjk_z4,partial,not_targeted,
119012,119,Draven,Santa Draven,skin,outside_date_window,,,too_old,00Fks51CH94,partial,not_targeted,
119013,119,Draven,Mecha Kingdoms Draven,skin,referenced,knZtJZYxOAQ,2020-01-15,chapters_omitted,knZtJZYxOAQ,partial,not_targeted,
119020,119,Draven,Ruined Draven,skin,referenced,R46rhXKAJXk,2021-01-18,chapters_omitted,R46rhXKAJXk,partial,not_targeted,
119029,119,Draven,Debonair Draven,skin,referenced,tyjWvYvFFbs,2021-12-05,chapters_omitted,tyjWvYvFFbs,partial,not_targeted,
119039,119,Draven,Fright Night Draven,skin,referenced,Et4rVnyz5yU,2022-09-17,chapters_omitted,Et4rVnyz5yU,partial,not_targeted,
119048,119,Draven,La Ilusión Draven,skin,search_incomplete,,,,,partial,partial,https://www.youtube.com/@SkinSpotlights/search?query=La%20Ilusi%C3%B3n%20Draven
119058,119,Draven,Grand Reckoning Draven,skin,referenced,D55du9AF0hA,2025-03-01,chapters_omitted,D55du9AF0hA,partial,not_targeted,
119068,119,Draven,Victorious Draven,skin,referenced,au3wKqB9p2w,2025-11-30,chapters_omitted,au3wKqB9p2w,partial,not_targeted,
245001,245,Ekko,Sandstorm Ekko,skin,outside_date_window,,,too_old,IdFi8QzGPvs,partial,not_targeted,
245002,245,Ekko,Academy Ekko,skin,outside_date_window,,,too_old,DlW5cDrUm50,partial,not_targeted,
245003,245,Ekko,PROJECT: Ekko,skin,outside_date_window,,,too_old,gIr6gVDSo-M,partial,not_targeted,
245011,245,Ekko,SKT T1 Ekko,skin,outside_date_window,,,too_old,VX1ZRQb47HI,partial,not_targeted,
245012,245,Ekko,Trick or Treat Ekko,skin,outside_date_window,,,too_old,ORA95aQi7Jo,partial,not_targeted,
245019,245,Ekko,True Damage Ekko,skin,referenced,lGXYssZ63BU,2019-11-10,chapters_omitted,lGXYssZ63BU,partial,not_targeted,
245028,245,Ekko,Pulsefire Ekko,skin,referenced,IhQZOsOalp4,2020-05-10,chapters_omitted,IhQZOsOalp4,partial,not_targeted,
245036,245,Ekko,Arcane Firelight Ekko,skin,search_incomplete,,,,,partial,partial,https://www.youtube.com/@SkinSpotlights/search?query=Arcane%20Firelight%20Ekko
245045,245,Ekko,Star Guardian Ekko,skin,referenced,g3pO2A3wkTM,2022-07-10,chapters_omitted,g3pO2A3wkTM,partial,not_targeted,
245046,245,Ekko,Prestige Star Guardian Ekko,skin,referenced,R1EYSygnvOw,2022-07-10,chapters_omitted,R1EYSygnvOw,partial,not_targeted,
245056,245,Ekko,Breakout True Damage Ekko,skin,search_incomplete,,,,,partial,partial,https://www.youtube.com/@SkinSpotlights/search?query=Breakout%20True%20Damage%20Ekko
245057,245,Ekko,Arcane Last Stand Ekko,skin,referenced,q-fo-jQKmcg,2024-12-08,chapters_omitted,q-fo-jQKmcg,partial,not_targeted,
60001,60,Elise,Death Blossom Elise,skin,search_incomplete,,,,,partial,partial,https://www.youtube.com/@SkinSpotlights/search?query=Death%20Blossom%20Elise
60002,60,Elise,Victorious Elise,skin,search_incomplete,,,,,partial,partial,https://www.youtube.com/@SkinSpotlights/search?query=Victorious%20Elise
60003,60,Elise,Blood Moon Elise,skin,search_incomplete,,,,,partial,partial,https://www.youtube.com/@SkinSpotlights/search?query=Blood%20Moon%20Elise
60004,60,Elise,SKT T1 Elise,skin,search_incomplete,,,,,partial,partial,https://www.youtube.com/@SkinSpotlights/search?query=SKT%20T1%20Elise
60005,60,Elise,Super Galaxy Elise,skin,outside_date_window,,,too_old,bpHnXntC1Ok,partial,not_targeted,
60006,60,Elise,Bewitching Elise,skin,referenced,W2vv34VFsqQ,2020-10-11,chapters_omitted,W2vv34VFsqQ,partial,not_targeted,
60015,60,Elise,Withered Rose Elise,skin,referenced,d7MhGprFRPA,2022-01-29,chapters_omitted,d7MhGprFRPA,partial,not_targeted,
60024,60,Elise,Coven Elise,skin,referenced,eYJYjKP0JaA,2023-10-08,chapters_omitted,eYJYjKP0JaA,partial,not_targeted,
60034,60,Elise,Masque of the Black Rose Elise,skin,referenced,EDMNi6fVbNk,2025-01-05,chapters_omitted,EDMNi6fVbNk,partial,not_targeted,
28001,28,Evelynn,Shadow Evelynn,skin,search_incomplete,,,,,partial,partial,https://www.youtube.com/@SkinSpotlights/search?query=Shadow%20Evelynn
28002,28,Evelynn,Masquerade Evelynn,skin,search_incomplete,,,,,partial,partial,https://www.youtube.com/@SkinSpotlights/search?query=Masquerade%20Evelynn
28003,28,Evelynn,Tango Evelynn,skin,search_incomplete,,,,,partial,partial,https://www.youtube.com/@SkinSpotlights/search?query=Tango%20Evelynn
28004,28,Evelynn,Safecracker Evelynn,skin,search_incomplete,,,,,partial,partial,https://www.youtube.com/@SkinSpotlights/search?query=Safecracker%20Evelynn
28005,28,Evelynn,Blood Moon Evelynn,skin,search_incomplete,,,,,partial,partial,https://www.youtube.com/@SkinSpotlights/search?query=Blood%20Moon%20Evelynn
28006,28,Evelynn,K/DA Evelynn,skin,outside_date_window,,,too_old,4UQajscArT8,partial,not_targeted,
28007,28,Evelynn,Prestige K/DA Evelynn,skin,outside_date_window,,,too_old,3yY0FACando,partial,not_targeted,
28008,28,Evelynn,Sugar Rush Evelynn,skin,referenced,QVD4e9zA5Yo,2019-12-08,chapters_omitted,QVD4e9zA5Yo,partial,not_targeted,
28015,28,Evelynn,K/DA ALL OUT Evelynn,skin,referenced,XeB4S2FhQ5Y,2020-10-26,chapters_omitted,XeB4S2FhQ5Y,partial,not_targeted,
28024,28,Evelynn,Coven Evelynn,skin,referenced,mxem-X4MaW0,2021-08-09,chapters_omitted,mxem-X4MaW0,partial,not_targeted,
28031,28,Evelynn,Prestige K/DA Evelynn (2022),skin,search_incomplete,,,,,partial,partial,https://www.youtube.com/@SkinSpotlights/search?query=Prestige%20K/DA%20Evelynn%20%282022%29
28032,28,Evelynn,Spirit Blossom Evelynn,skin,referenced,UEkhbXtkGxU,2022-10-02,chapters_omitted,UEkhbXtkGxU,partial,not_targeted,
28042,28,Evelynn,Soul Fighter Evelynn,skin,referenced,Tt9dIs1hcZY,2023-07-30,chapters_omitted,Tt9dIs1hcZY,partial,not_targeted,
28052,28,Evelynn,High Noon Evelynn,skin,referenced,7IaPDOdua7A,2024-03-17,chapters_omitted,7IaPDOdua7A,partial,not_targeted,
28053,28,Evelynn,Prestige High Noon Evelynn,skin,referenced,X4xejzpzkdQ,2024-03-17,chapters_omitted,X4xejzpzkdQ,partial,not_targeted,
28064,28,Evelynn,Nightbringer Evelynn,skin,referenced,7mN25qOiGPE,2025-06-22,chapters_omitted,7mN25qOiGPE,partial,not_targeted,
81001,81,Ezreal,Nottingham Ezreal,skin,search_incomplete,,,,,partial,partial,https://www.youtube.com/@SkinSpotlights/search?query=Nottingham%20Ezreal
81002,81,Ezreal,Striker Ezreal,skin,search_incomplete,,,,,partial,partial,https://www.youtube.com/@SkinSpotlights/search?query=Striker%20Ezreal
81003,81,Ezreal,Frosted Ezreal,skin,search_incomplete,,,,,partial,partial,https://www.youtube.com/@SkinSpotlights/search?query=Frosted%20Ezreal
81004,81,Ezreal,Explorer Ezreal,skin,search_incomplete,,,,,partial,partial,https://www.youtube.com/@SkinSpotlights/search?query=Explorer%20Ezreal
81005,81,Ezreal,Pulsefire Ezreal,skin,search_incomplete,,,,,partial,partial,https://www.youtube.com/@SkinSpotlights/search?query=Pulsefire%20Ezreal
81006,81,Ezreal,TPA Ezreal,skin,search_incomplete,,,,,partial,partial,https://www.youtube.com/@SkinSpotlights/search?query=TPA%20Ezreal
81007,81,Ezreal,Debonair Ezreal,skin,search_incomplete,,,,,partial,partial,https://www.youtube.com/@SkinSpotlights/search?query=Debonair%20Ezreal
81008,81,Ezreal,Ace of Spades Ezreal,skin,outside_date_window,,,too_old,rnTeljcAvzA,partial,partial,https://www.youtube.com/@SkinSpotlights/search?query=Ace%20of%20Spades%20Ezreal
81009,81,Ezreal,Arcade Ezreal,skin,outside_date_window,,,too_old,bikN6Kvv7Rs,partial,partial,https://www.youtube.com/@SkinSpotlights/search?query=Arcade%20Ezreal
81018,81,Ezreal,Star Guardian Ezreal,skin,outside_date_window,,,too_old,-fp--SaQumE,partial,partial,https://www.youtube.com/@SkinSpotlights/search?query=Star%20Guardian%20Ezreal
81019,81,Ezreal,SSG Ezreal,skin,outside_date_window,,,too_old,CmfCyVtw-Lw,partial,partial,https://www.youtube.com/@SkinSpotlights/search?query=SSG%20Ezreal
81020,81,Ezreal,Pajama Guardian Ezreal,skin,outside_date_window,,,too_old,Q1xxErh4PtA,partial,not_targeted,
81021,81,Ezreal,Battle Academia Ezreal,skin,outside_date_window,,,too_old,tRmdh3sW5UA,partial,not_targeted,
81022,81,Ezreal,PsyOps Ezreal,skin,referenced,zor3QF7Mg08,2020-09-04,chapters_omitted,zor3QF7Mg08,partial,partial,https://www.youtube.com/@SkinSpotlights/search?query=PsyOps%20Ezreal
81023,81,Ezreal,Prestige PsyOps Ezreal,skin,referenced,ki2ubpowNa4,2020-09-04,chapters_omitted,ki2ubpowNa4,partial,partial,https://www.youtube.com/@SkinSpotlights/search?query=Prestige%20PsyOps%20Ezreal
81025,81,Ezreal,Porcelain Protector Ezreal,skin,referenced,uuD-d7fVcgg,2022-01-26,chapters_omitted,uuD-d7fVcgg,partial,not_targeted,
81033,81,Ezreal,Faerie Court Ezreal,skin,referenced,qh5tcCvpB9k,2023-03-19,chapters_omitted,qh5tcCvpB9k,partial,not_targeted,
81043,81,Ezreal,HEARTSTEEL Ezreal,skin,referenced,lv8IyYe5ukA,2023-11-05,chapters_omitted,lv8IyYe5ukA,partial,not_targeted,
81044,81,Ezreal,Heavenscale Ezreal,skin,referenced,uP3htZnobn0,2024-02-04,chapters_omitted,uP3htZnobn0,partial,not_targeted,
81054,81,Ezreal,Prestige Heavenscale Ezreal,skin,referenced,OQakxcwWcFs,2024-02-04,chapters_omitted,OQakxcwWcFs,partial,not_targeted,
81065,81,Ezreal,Masque of the Black Rose Ezreal,skin,referenced,__amuB4kq1s,2025-01-05,chapters_omitted,__amuB4kq1s,partial,not_targeted,
9001,9,Fiddlesticks,Spectral Fiddlesticks,skin,search_incomplete,,,,,partial,partial,https://www.youtube.com/@SkinSpotlights/search?query=Spectral%20Fiddlesticks
9002,9,Fiddlesticks,Union Jack Fiddlesticks,skin,search_incomplete,,,,,partial,partial,https://www.youtube.com/@SkinSpotlights/search?query=Union%20Jack%20Fiddlesticks
9003,9,Fiddlesticks,Bandito Fiddlesticks,skin,search_incomplete,,,,,partial,partial,https://www.youtube.com/@SkinSpotlights/search?query=Bandito%20Fiddlesticks
9004,9,Fiddlesticks,Pumpkinhead Fiddlesticks,skin,search_incomplete,,,,,partial,partial,https://www.youtube.com/@SkinSpotlights/search?query=Pumpkinhead%20Fiddlesticks
9005,9,Fiddlesticks,Fiddle Me Timbers,skin,search_incomplete,,,,,partial,partial,https://www.youtube.com/@SkinSpotlights/search?query=Fiddle%20Me%20Timbers
9006,9,Fiddlesticks,Surprise Party Fiddlesticks,skin,search_incomplete,,,,,partial,partial,https://www.youtube.com/@SkinSpotlights/search?query=Surprise%20Party%20Fiddlesticks
9007,9,Fiddlesticks,Dark Candy Fiddlesticks,skin,search_incomplete,,,,,partial,partial,https://www.youtube.com/@SkinSpotlights/search?query=Dark%20Candy%20Fiddlesticks
9008,9,Fiddlesticks,Risen Fiddlesticks,skin,outside_date_window,,,too_old,fP8PdAgaAW8,partial,not_targeted,
9009,9,Fiddlesticks,Praetorian Fiddlesticks,skin,outside_date_window,,,too_old,VvXKxrMiKD0,partial,not_targeted,
9027,9,Fiddlesticks,Star Nemesis Fiddlesticks,skin,referenced,MLkZRGHj_-g,2022-07-10,chapters_omitted,MLkZRGHj_-g,partial,not_targeted,
9037,9,Fiddlesticks,Blood Moon Fiddlesticks,skin,referenced,Of5P6RgMtow,2024-04-14,chapters_omitted,Of5P6RgMtow,partial,partial,https://www.youtube.com/@SkinSpotlights/search?query=Blood%20Moon%20Fiddlesticks
9046,9,Fiddlesticks,Flora Fatalis Fiddlesticks,skin,referenced,MjlNywfHTEE,2025-10-05,chapters_omitted,MjlNywfHTEE,partial,not_targeted,
114001,114,Fiora,Royal Guard Fiora,skin,search_incomplete,,,,,partial,partial,https://www.youtube.com/@SkinSpotlights/search?query=Royal%20Guard%20Fiora
114002,114,Fiora,Nightraven Fiora,skin,search_incomplete,,,,,partial,partial,https://www.youtube.com/@SkinSpotlights/search?query=Nightraven%20Fiora
114003,114,Fiora,Headmistress Fiora,skin,search_incomplete,,,,,partial,partial,https://www.youtube.com/@SkinSpotlights/search?query=Headmistress%20Fiora
114004,114,Fiora,PROJECT: Fiora,skin,outside_date_window,,,too_old,1dbuhKJRIfE,partial,not_targeted,
114005,114,Fiora,Pool Party Fiora,skin,outside_date_window,,,too_old,p1wEd6iY9sA,partial,not_targeted,
114022,114,Fiora,Soaring Sword Fiora,skin,outside_date_window,,,too_old,JjhOF4HYxks,partial,not_targeted,
114023,114,Fiora,Heartpiercer Fiora,skin,outside_date_window,,,too_old,v_MoH_qq7pI,partial,not_targeted,
114031,114,Fiora,iG Fiora,skin,search_incomplete,,,,,partial,partial,https://www.youtube.com/@SkinSpotlights/search?query=iG%20Fiora
114041,114,Fiora,Pulsefire Fiora,skin,referenced,9eQUYZlhCNA,2020-05-10,chapters_omitted,9eQUYZlhCNA,partial,partial,https://www.youtube.com/@SkinSpotlights/search?query=Pulsefire%20Fiora
114050,114,Fiora,Lunar Beast Fiora,skin,referenced,E4FqIjzriuw,2021-02-04,chapters_omitted,E4FqIjzriuw,partial,not_targeted,
114051,114,Fiora,Prestige Lunar Beast Fiora,skin,referenced,eZJIcsN6dPE,2021-02-04,chapters_omitted,eZJIcsN6dPE,partial,not_targeted,
114060,114,Fiora,Bewitching Fiora,skin,referenced,ATSUgnJCeJE,2021-10-04,chapters_omitted,ATSUgnJCeJE,partial,not_targeted,
114069,114,Fiora,Faerie Court Fiora,skin,referenced,RKusakLc2JQ,2023-03-19,chapters_omitted,RKusakLc2JQ,partial,not_targeted,
114080,114,Fiora,Dragonmancer Fiora,skin,referenced,hGXfygLamds,2024-01-07,chapters_omitted,hGXfygLamds,partial,not_targeted,
114089,114,Fiora,Battle Queen Fiora,skin,referenced,VkNd8Yx2tc0,2024-08-25,chapters_omitted,VkNd8Yx2tc0,partial,not_targeted,
114098,114,Fiora,Victorious Fiora,skin,referenced,YysRiIQk9jQ,2025-08-09,chapters_omitted,YysRiIQk9jQ,partial,not_targeted,
105001,105,Fizz,Atlantean Fizz,skin,search_incomplete,,,,,partial,partial,https://www.youtube.com/@SkinSpotlights/search?query=Atlantean%20Fizz
105002,105,Fizz,Tundra Fizz,skin,search_incomplete,,,,,partial,partial,https://www.youtube.com/@SkinSpotlights/search?query=Tundra%20Fizz
105003,105,Fizz,Fisherman Fizz,skin,search_incomplete,,,,,partial,partial,https://www.youtube.com/@SkinSpotlights/search?query=Fisherman%20Fizz
105004,105,Fizz,Void Fizz,skin,search_incomplete,,,,,partial,partial,https://www.youtube.com/@SkinSpotlights/search?query=Void%20Fizz
105008,105,Fizz,Cottontail Fizz,skin,outside_date_window,,,too_old,kU1kwL_T7Ss,partial,not_targeted,
105009,105,Fizz,Super Galaxy Fizz,skin,outside_date_window,,,too_old,7flI2ylnCaQ,partial,not_targeted,
105010,105,Fizz,Omega Squad Fizz,skin,outside_date_window,,,too_old,EVgnviTJWcw,partial,not_targeted,
105014,105,Fizz,Fuzz Fizz,skin,outside_date_window,,,too_old,BGrZkqI66B4,partial,not_targeted,
105015,105,Fizz,Prestige Fuzz Fizz,skin,outside_date_window,,,too_old,dxE5NoNYMVU,partial,not_targeted,
105016,105,Fizz,Little Devil Fizz,skin,referenced,vxQsgarXBAk,2020-10-11,chapters_omitted,vxQsgarXBAk,partial,not_targeted,
105025,105,Fizz,Prestige Fuzz Fizz (2022),skin,search_incomplete,,,,,partial,partial,https://www.youtube.com/@SkinSpotlights/search?query=Prestige%20Fuzz%20Fizz%20%282022%29
105026,105,Fizz,Astronaut Fizz,skin,referenced,ptw9wq4DO4E,2023-02-20,chapters_omitted,ptw9wq4DO4E,partial,not_targeted,
105035,105,Fizz,Rain Shepherd Fizz,skin,referenced,Brkl1A93kBs,2024-06-23,chapters_omitted,Brkl1A93kBs,partial,not_targeted,
3001,3,Galio,Enchanted Galio,skin,search_incomplete,,,,,partial,partial,https://www.youtube.com/@SkinSpotlights/search?query=Enchanted%20Galio
3002,3,Galio,Hextech Galio,skin,search_incomplete,,,,,partial,partial,https://www.youtube.com/@SkinSpotlights/search?query=Hextech%20Galio
3003,3,Galio,Commando Galio,skin,search_incomplete,,,,,partial,partial,https://www.youtube.com/@SkinSpotlights/search?query=Commando%20Galio
3004,3,Galio,Gatekeeper Galio,skin,search_incomplete,,,,,partial,partial,https://www.youtube.com/@SkinSpotlights/search?query=Gatekeeper%20Galio
3005,3,Galio,Debonair Galio,skin,outside_date_window,,,too_old,TCLggOt_Vbo,partial,partial,https://www.youtube.com/@SkinSpotlights/search?query=Debonair%20Galio
3006,3,Galio,Birdio,skin,outside_date_window,,,too_old,Zp1Xgg1rrW8,partial,partial,https://www.youtube.com/@SkinSpotlights/search?query=Birdio
3013,3,Galio,Infernal Galio,skin,outside_date_window,,,too_old,fdQCtBHw4YU,partial,not_targeted,
3019,3,Galio,Dragon Guardian Galio,skin,referenced,PBQ_zecuFJg,2021-04-12,chapters_omitted,PBQ_zecuFJg,partial,not_targeted,
3028,3,Galio,Mythmaker Galio,skin,referenced,r2oKHcFOkPw,2023-01-07,chapters_omitted,r2oKHcFOkPw,partial,not_targeted,
3040,3,Galio,Aegis Frame Galio,skin,referenced,D_7qhyk158E,2026-01-19,chapters_omitted,D_7qhyk158E,partial,not_targeted,
3047,3,Galio,T1 Galio,skin,referenced,a1WOmSBO4UA,2026-07-10,chapters_omitted,a1WOmSBO4UA,partial,not_targeted,
41001,41,Gangplank,Spooky Gangplank,skin,search_incomplete,,,,,partial,partial,https://www.youtube.com/@SkinSpotlights/search?query=Spooky%20Gangplank
41002,41,Gangplank,Minuteman Gangplank,skin,search_incomplete,,,,,partial,partial,https://www.youtube.com/@SkinSpotlights/search?query=Minuteman%20Gangplank
41003,41,Gangplank,Sailor Gangplank,skin,search_incomplete,,,,,partial,partial,https://www.youtube.com/@SkinSpotlights/search?query=Sailor%20Gangplank
41004,41,Gangplank,Toy Soldier Gangplank,skin,search_incomplete,,,,,partial,partial,https://www.youtube.com/@SkinSpotlights/search?query=Toy%20Soldier%20Gangplank
41005,41,Gangplank,Special Forces Gangplank,skin,search_incomplete,,,,,partial,partial,https://www.youtube.com/@SkinSpotlights/search?query=Special%20Forces%20Gangplank
41006,41,Gangplank,Sultan Gangplank,skin,search_incomplete,,,,,partial,partial,https://www.youtube.com/@SkinSpotlights/search?query=Sultan%20Gangplank
41007,41,Gangplank,Captain Gangplank,skin,outside_date_window,,,too_old,7mdhIImyqWg,partial,not_targeted,
41008,41,Gangplank,Dreadnova Gangplank,skin,outside_date_window,,,too_old,0T69Tflo1AQ,partial,not_targeted,
41014,41,Gangplank,Pool Party Gangplank,skin,outside_date_window,,,too_old,DxcOc3K4KSI,partial,not_targeted,
41021,41,Gangplank,FPX Gangplank,skin,referenced,XV83sz325ds,2020-04-26,chapters_omitted,XV83sz325ds,partial,not_targeted,
41023,41,Gangplank,Gangplank the Betrayer,skin,referenced,tEqG2_6uAXM,2022-04-24,chapters_omitted,tEqG2_6uAXM,partial,not_targeted,
41033,41,Gangplank,PROJECT: Gangplank,skin,referenced,W0EpTrNXLSY,2024-03-03,chapters_omitted,W0EpTrNXLSY,partial,not_targeted,
86001,86,Garen,Sanguine Garen,skin,search_incomplete,,,,,partial,partial,https://www.youtube.com/@SkinSpotlights/search?query=Sanguine%20Garen
86002,86,Garen,Desert Trooper Garen,skin,search_incomplete,,,,,partial,partial,https://www.youtube.com/@SkinSpotlights/search?query=Desert%20Trooper%20Garen
86003,86,Garen,Commando Garen,skin,search_incomplete,,,,,partial,partial,https://www.youtube.com/@SkinSpotlights/search?query=Commando%20Garen
86004,86,Garen,Dreadknight Garen,skin,search_incomplete,,,,,partial,partial,https://www.youtube.com/@SkinSpotlights/search?query=Dreadknight%20Garen
86005,86,Garen,Rugged Garen,skin,search_incomplete,,,,,partial,partial,https://www.youtube.com/@SkinSpotlights/search?query=Rugged%20Garen
86006,86,Garen,Steel Legion Garen,skin,search_incomplete,,,,,partial,partial,https://www.youtube.com/@SkinSpotlights/search?query=Steel%20Legion%20Garen
86010,86,Garen,Rogue Admiral Garen,skin,search_incomplete,,,,,partial,partial,https://www.youtube.com/@SkinSpotlights/search?query=Rogue%20Admiral%20Garen
86011,86,Garen,Warring Kingdoms Garen,skin,outside_date_window,,,too_old,j-sEa9sM4Hg,partial,not_targeted,
86013,86,Garen,God-King Garen,skin,outside_date_window,,,too_old,UU5logBiV04,partial,not_targeted,
86014,86,Garen,Demacia Vice Garen,skin,outside_date_window,,,too_old,A6AVRB30qK4,partial,not_targeted,
86022,86,Garen,Mecha Kingdoms Garen,skin,referenced,ozHvCI29peQ,2020-01-15,chapters_omitted,ozHvCI29peQ,partial,not_targeted,
86023,86,Garen,Prestige Mecha Kingdoms Garen,skin,referenced,0-rsqp38rsA,2020-01-15,chapters_omitted,0-rsqp38rsA,partial,not_targeted,
86024,86,Garen,Battle Academia Garen,skin,referenced,CN70nCUuQkY,2021-03-15,chapters_omitted,CN70nCUuQkY,partial,not_targeted,
86033,86,Garen,Mythmaker Garen,skin,referenced,4_QeyZ7VrpQ,2023-01-07,chapters_omitted,4_QeyZ7VrpQ,partial,not_targeted,
86044,86,Garen,Fallen God-King Garen,skin,search_incomplete,,,,,partial,partial,https://www.youtube.com/@SkinSpotlights/search?query=Fallen%20God-King%20Garen
86046,86,Garen,Visions of the Fallen Garen,skin,referenced,C3A1g8DfkgQ,2025-08-24,chapters_omitted,C3A1g8DfkgQ,partial,not_targeted,
150001,150,Gnar,Dino Gnar,skin,search_incomplete,,,,,partial,partial,https://www.youtube.com/@SkinSpotlights/search?query=Dino%20Gnar
150002,150,Gnar,Gentleman Gnar,skin,outside_date_window,,,too_old,31RO7_sGx3s,partial,not_targeted,
150003,150,Gnar,Snow Day Gnar,skin,outside_date_window,,,too_old,Q5vtNR-2V3A,partial,not_targeted,
150004,150,Gnar,El León Gnar,skin,search_incomplete,,,,,partial,partial,https://www.youtube.com/@SkinSpotlights/search?query=El%20Le%C3%B3n%20Gnar
150013,150,Gnar,Super Galaxy Gnar,skin,outside_date_window,,,too_old,5xh1beAoMtE,partial,not_targeted,
150014,150,Gnar,SSG Gnar,skin,outside_date_window,,,too_old,WTedhSTXtsE,partial,not_targeted,
150015,150,Gnar,Astronaut Gnar,skin,referenced,l9hkAL8pGOs,2020-05-25,chapters_omitted,l9hkAL8pGOs,partial,not_targeted,
150022,150,Gnar,Elderwood Gnar,skin,referenced,TnOnGkQtY8M,2022-01-02,chapters_omitted,TnOnGkQtY8M,partial,not_targeted,
150031,150,Gnar,La Ilusión Gnar,skin,search_incomplete,,,,,partial,partial,https://www.youtube.com/@SkinSpotlights/search?query=La%20Ilusi%C3%B3n%20Gnar
150041,150,Gnar,T1 Gnar,skin,referenced,APLxNeyISjU,2025-09-07,chapters_omitted,APLxNeyISjU,partial,not_targeted,
79001,79,Gragas,Scuba Gragas,skin,search_incomplete,,,,,partial,partial,https://www.youtube.com/@SkinSpotlights/search?query=Scuba%20Gragas
79002,79,Gragas,Hillbilly Gragas,skin,search_incomplete,,,,,partial,partial,https://www.youtube.com/@SkinSpotlights/search?query=Hillbilly%20Gragas
79003,79,Gragas,Santa Gragas,skin,search_incomplete,,,,,partial,partial,https://www.youtube.com/@SkinSpotlights/search?query=Santa%20Gragas
79004,79,Gragas,"Gragas, Esq.",skin,search_incomplete,,,,,partial,partial,https://www.youtube.com/@SkinSpotlights/search?query=Gragas%2C%20Esq.
79005,79,Gragas,Vandal Gragas,skin,search_incomplete,,,,,partial,partial,https://www.youtube.com/@SkinSpotlights/search?query=Vandal%20Gragas
79006,79,Gragas,Oktoberfest Gragas,skin,search_incomplete,,,,,partial,partial,https://www.youtube.com/@SkinSpotlights/search?query=Oktoberfest%20Gragas
79007,79,Gragas,Superfan Gragas,skin,search_incomplete,,,,,partial,partial,https://www.youtube.com/@SkinSpotlights/search?query=Superfan%20Gragas
79008,79,Gragas,Fnatic Gragas,skin,search_incomplete,,,,,partial,partial,https://www.youtube.com/@SkinSpotlights/search?query=Fnatic%20Gragas
79009,79,Gragas,Gragas Caskbreaker,skin,search_incomplete,,,,,partial,partial,https://www.youtube.com/@SkinSpotlights/search?query=Gragas%20Caskbreaker
79010,79,Gragas,Arctic Ops Gragas,skin,outside_date_window,,,too_old,wYcqtzb9ou8,partial,not_targeted,
79011,79,Gragas,Warden Gragas,skin,referenced,hAieg4Wef-0,2021-01-04,chapters_omitted,hAieg4Wef-0,partial,not_targeted,
79020,79,Gragas,Space Groove Gragas,skin,referenced,L8sv1SvyDHQ,2022-11-13,chapters_omitted,L8sv1SvyDHQ,partial,not_targeted,
79029,79,Gragas,High Noon Gragas,skin,referenced,eIbj2PI8MEU,2024-03-17,chapters_omitted,eIbj2PI8MEU,partial,not_targeted,
79039,79,Gragas,Music Fan Gragas,skin,referenced,xA3VIIVhYEk,2024-10-06,chapters_omitted,xA3VIIVhYEk,partial,not_targeted,
104001,104,Graves,Hired Gun Graves,skin,search_incomplete,,,,,partial,partial,https://www.youtube.com/@SkinSpotlights/search?query=Hired%20Gun%20Graves
104002,104,Graves,Jailbreak Graves,skin,search_incomplete,,,,,partial,partial,https://www.youtube.com/@SkinSpotlights/search?query=Jailbreak%20Graves
104003,104,Graves,Crime City Graves,skin,search_incomplete,,,,,partial,partial,https://www.youtube.com/@SkinSpotlights/search?query=Crime%20City%20Graves
104004,104,Graves,Riot Graves,skin,search_incomplete,,,,,partial,partial,https://www.youtube.com/@SkinSpotlights/search?query=Riot%20Graves
104005,104,Graves,Pool Party Graves,skin,search_incomplete,,,,,partial,partial,https://www.youtube.com/@SkinSpotlights/search?query=Pool%20Party%20Graves
104006,104,Graves,Cutthroat Graves,skin,search_incomplete,,,,,partial,partial,https://www.youtube.com/@SkinSpotlights/search?query=Cutthroat%20Graves
104007,104,Graves,Snow Day Graves,skin,outside_date_window,,,too_old,SX2YBj5K8S8,partial,not_targeted,
104014,104,Graves,Victorious Graves,skin,outside_date_window,,,too_old,oZw9ga60sxs,partial,not_targeted,
104018,104,Graves,Praetorian Graves,skin,outside_date_window,,,too_old,fZtSG2Yr3ME,partial,not_targeted,
104025,104,Graves,Battle Professor Graves,skin,outside_date_window,,,too_old,GvdmOoH7nm0,partial,not_targeted,
104035,104,Graves,Sentinel Graves,skin,referenced,Iu73wiOMoRM,2021-07-19,chapters_omitted,Iu73wiOMoRM,partial,not_targeted,
104042,104,Graves,EDG Graves,skin,referenced,q54lKqREwaM,2022-05-08,chapters_omitted,q54lKqREwaM,partial,not_targeted,
104045,104,Graves,Porcelain Graves,skin,referenced,mx4BIkhg3I0,2024-02-27,chapters_omitted,mx4BIkhg3I0,partial,not_targeted,
887001,887,Gwen,Space Groove Gwen,skin,referenced,FSDBauK8uyw,2021-04-12,chapters_omitted,FSDBauK8uyw,partial,not_targeted,
887011,887,Gwen,Cafe Cuties Gwen,skin,referenced,eABBHNWTK0c,2021-11-15,chapters_omitted,eABBHNWTK0c,partial,not_targeted,
887020,887,Gwen,Soul Fighter Gwen,skin,referenced,HQvkOKUp49g,2023-07-30,chapters_omitted,HQvkOKUp49g,partial,not_targeted,
887030,887,Gwen,Battle Queen Gwen,skin,referenced,bI1u97qTxcY,2024-08-25,chapters_omitted,bI1u97qTxcY,partial,not_targeted,
887039,887,Gwen,Rain Shepherd Gwen,skin,referenced,iBo4ow8E5YI,2025-11-15,chapters_omitted,iBo4ow8E5YI,partial,not_targeted,
887048,887,Gwen,Faerie Court Gwen,skin,referenced,h0tfygJVgrA,2026-08-09,chapters_omitted,h0tfygJVgrA,partial,not_targeted,
120001,120,Hecarim,Blood Knight Hecarim,skin,search_incomplete,,,,,partial,partial,https://www.youtube.com/@SkinSpotlights/search?query=Blood%20Knight%20Hecarim
120002,120,Hecarim,Reaper Hecarim,skin,search_incomplete,,,,,partial,partial,https://www.youtube.com/@SkinSpotlights/search?query=Reaper%20Hecarim
120003,120,Hecarim,Headless Hecarim,skin,search_incomplete,,,,,partial,partial,https://www.youtube.com/@SkinSpotlights/search?query=Headless%20Hecarim
120004,120,Hecarim,Arcade Hecarim,skin,search_incomplete,,,,,partial,partial,https://www.youtube.com/@SkinSpotlights/search?query=Arcade%20Hecarim
120005,120,Hecarim,Elderwood Hecarim,skin,outside_date_window,,,too_old,euFsWdPxix0,partial,not_targeted,
120006,120,Hecarim,Worldbreaker Hecarim,skin,outside_date_window,,,too_old,L4NiHpGRX2Y,partial,not_targeted,
120007,120,Hecarim,Lancer Zero Hecarim,skin,outside_date_window,,,too_old,52pQd4imSWM,partial,not_targeted,
120008,120,Hecarim,High Noon Hecarim,skin,referenced,P3eMOkkK1wE,2019-10-07,chapters_omitted,P3eMOkkK1wE,partial,not_targeted,
120014,120,Hecarim,Cosmic Charger Hecarim,skin,referenced,MoJQRaZfIok,2020-11-22,chapters_omitted,MoJQRaZfIok,partial,not_targeted,
120022,120,Hecarim,Arcana Hecarim,skin,referenced,8d60-QHOQfc,2022-04-10,chapters_omitted,8d60-QHOQfc,partial,not_targeted,
120031,120,Hecarim,Winterblessed Hecarim,skin,referenced,4ROSym02XI4,2023-12-03,chapters_omitted,4ROSym02XI4,partial,not_targeted,
120041,120,Hecarim,Nightbringer Hecarim,skin,referenced,M5etP8FN6I8,2025-07-12,chapters_omitted,M5etP8FN6I8,partial,not_targeted,
74001,74,Heimerdinger,Alien Invader Heimerdinger,skin,search_incomplete,,,,,partial,partial,https://www.youtube.com/@SkinSpotlights/search?query=Alien%20Invader%20Heimerdinger
74002,74,Heimerdinger,Blast Zone Heimerdinger,skin,search_incomplete,,,,,partial,partial,https://www.youtube.com/@SkinSpotlights/search?query=Blast%20Zone%20Heimerdinger
74003,74,Heimerdinger,Piltover Customs Heimerdinger,skin,search_incomplete,,,,,partial,partial,https://www.youtube.com/@SkinSpotlights/search?query=Piltover%20Customs%20Heimerdinger
74004,74,Heimerdinger,Snowmerdinger,skin,search_incomplete,,,,,partial,partial,https://www.youtube.com/@SkinSpotlights/search?query=Snowmerdinger
74005,74,Heimerdinger,Hazmat Heimerdinger,skin,search_incomplete,,,,,partial,partial,https://www.youtube.com/@SkinSpotlights/search?query=Hazmat%20Heimerdinger
74006,74,Heimerdinger,Dragon Trainer Heimerdinger,skin,outside_date_window,,,too_old,0HodjWyYaMc,partial,not_targeted,
74015,74,Heimerdinger,Pool Party Heimerdinger,skin,referenced,O0WusLmref4,2020-06-21,chapters_omitted,O0WusLmref4,partial,not_targeted,
74024,74,Heimerdinger,Heimerstinger,skin,referenced,kWp2CGkbVEE,2022-02-27,chapters_omitted,kWp2CGkbVEE,partial,not_targeted,
74033,74,Heimerdinger,Arcane Professor Heimerdinger,skin,referenced,oWoMOlsuw0k,2024-12-08,chapters_omitted,oWoMOlsuw0k,partial,not_targeted,
910001,910,Hwei,Winterblessed Hwei,skin,referenced,PliaBnQ0kKw,2023-12-03,chapters_omitted,PliaBnQ0kKw,partial,not_targeted,
910011,910,Hwei,Spirit Blossom Hwei,skin,referenced,3mx0ZRIKQOQ,2025-06-22,chapters_omitted,3mx0ZRIKQOQ,partial,not_targeted,
910021,910,Hwei,Sinful Shores Hwei,skin,referenced,yiXABZAUzDA,2026-06-07,chapters_omitted,yiXABZAUzDA,partial,not_targeted,
420001,420,Illaoi,Void Bringer Illaoi,skin,outside_date_window,,,too_old,3FamNTDdnXw,partial,not_targeted,
420002,420,Illaoi,Resistance Illaoi,skin,outside_date_window,,,too_old,51jJ-llyk8A,partial,not_targeted,
420010,420,Illaoi,Cosmic Invoker Illaoi,skin,referenced,n1a_Oru7_C8,2020-11-22,chapters_omitted,n1a_Oru7_C8,partial,not_targeted,
420018,420,Illaoi,Snow Moon Illaoi,skin,referenced,0XDVa1ZlHZo,2022-06-20,chapters_omitted,0XDVa1ZlHZo,partial,not_targeted,
420027,420,Illaoi,Battle Bear Illaoi,skin,referenced,LdXvOYPGKrw,2024-07-28,chapters_omitted,LdXvOYPGKrw,partial,not_targeted,
420037,420,Illaoi,Pasta Maker Illaoi,skin,referenced,eIxPOw7Aj_Q,2026-05-25,chapters_omitted,eIxPOw7Aj_Q,partial,not_targeted,
39001,39,Irelia,Nightblade Irelia,skin,search_incomplete,,,,,partial,partial,https://www.youtube.com/@SkinSpotlights/search?query=Nightblade%20Irelia
39002,39,Irelia,Aviator Irelia,skin,search_incomplete,,,,,partial,partial,https://www.youtube.com/@SkinSpotlights/search?query=Aviator%20Irelia
39003,39,Irelia,Infiltrator Irelia,skin,search_incomplete,,,,,partial,partial,https://www.youtube.com/@SkinSpotlights/search?query=Infiltrator%20Irelia
39004,39,Irelia,Frostblade Irelia,skin,search_incomplete,,,,,partial,partial,https://www.youtube.com/@SkinSpotlights/search?query=Frostblade%20Irelia
39005,39,Irelia,Order of the Lotus Irelia,skin,outside_date_window,,,too_old,qgarJGAJPxs,partial,not_targeted,
39006,39,Irelia,Divine Sword Irelia,skin,outside_date_window,,,too_old,ckPXOsfVyxw,partial,not_targeted,
39015,39,Irelia,iG Irelia,skin,search_incomplete,,,,,partial,partial,https://www.youtube.com/@SkinSpotlights/search?query=iG%20Irelia
39016,39,Irelia,PROJECT: Irelia,skin,outside_date_window,,,too_old,yeN_69aKzyA,partial,not_targeted,
39017,39,Irelia,Prestige PROJECT: Irelia,skin,outside_date_window,,,too_old,jjRtFO0xPGg,partial,not_targeted,
39018,39,Irelia,High Noon Irelia,skin,referenced,nO0Ofpxnwag,2020-06-08,chapters_omitted,nO0Ofpxnwag,partial,not_targeted,
39026,39,Irelia,Sentinel Irelia,skin,referenced,Fz_ff80qmpc,2021-07-05,chapters_omitted,Fz_ff80qmpc,partial,not_targeted,
39036,39,Irelia,Prestige PROJECT: Irelia (2022),skin,search_incomplete,,,,,partial,partial,https://www.youtube.com/@SkinSpotlights/search?query=Prestige%20PROJECT%3A%20Irelia%20%282022%29
39037,39,Irelia,Mythmaker Irelia,skin,referenced,EXHMIJ5gI-0,2023-01-07,chapters_omitted,EXHMIJ5gI-0,partial,not_targeted,
39045,39,Irelia,Porcelain Irelia,skin,referenced,Vv8WxA8kZnw,2024-02-29,chapters_omitted,Vv8WxA8kZnw,partial,not_targeted,
39055,39,Irelia,Spirit Blossom Irelia,skin,referenced,UemwZkEOzOk,2025-04-27,chapters_omitted,UemwZkEOzOk,partial,not_targeted,
39063,39,Irelia,Breadsticks Irelia,skin,referenced,ZSkGK048jpU,2026-05-25,chapters_omitted,ZSkGK048jpU,partial,partial,https://www.youtube.com/@SkinSpotlights/search?query=Breadsticks%20Irelia
427001,427,Ivern,Candy King Ivern,skin,outside_date_window,,,too_old,ZlInk8XFnlc,partial,not_targeted,
427002,427,Ivern,Dunkmaster Ivern,skin,outside_date_window,,,too_old,0uIGUOcDKnM,partial,not_targeted,
427011,427,Ivern,Old God Ivern,skin,search_incomplete,,,,,partial,partial,https://www.youtube.com/@SkinSpotlights/search?query=Old%20God%20Ivern
427020,427,Ivern,Astronaut Ivern,skin,referenced,N7E0XBS2SV4,2023-02-20,chapters_omitted,N7E0XBS2SV4,partial,not_targeted,
427030,427,Ivern,Spirit Blossom Ivern,skin,referenced,mtmMv8Ker2s,2025-04-27,chapters_omitted,mtmMv8Ker2s,partial,not_targeted,
427031,427,Ivern,Rain Shepherd Ivern,skin,referenced,Ri2qbVTZIGw,2026-05-09,chapters_omitted,Ri2qbVTZIGw,partial,not_targeted,
40001,40,Janna,Tempest Janna,skin,search_incomplete,,,,,partial,partial,https://www.youtube.com/@SkinSpotlights/search?query=Tempest%20Janna
40002,40,Janna,Hextech Janna,skin,search_incomplete,,,,,partial,partial,https://www.youtube.com/@SkinSpotlights/search?query=Hextech%20Janna
40003,40,Janna,Frost Queen Janna,skin,search_incomplete,,,,,partial,partial,https://www.youtube.com/@SkinSpotlights/search?query=Frost%20Queen%20Janna
40004,40,Janna,Victorious Janna,skin,search_incomplete,,,,,partial,partial,https://www.youtube.com/@SkinSpotlights/search?query=Victorious%20Janna
40005,40,Janna,Forecast Janna,skin,search_incomplete,,,,,partial,partial,https://www.youtube.com/@SkinSpotlights/search?query=Forecast%20Janna
40006,40,Janna,Fnatic Janna,skin,search_incomplete,,,,,partial,partial,https://www.youtube.com/@SkinSpotlights/search?query=Fnatic%20Janna
40007,40,Janna,Star Guardian Janna,skin,outside_date_window,,,too_old,m40BisZsth4,partial,partial,https://www.youtube.com/@SkinSpotlights/search?query=Star%20Guardian%20Janna
40008,40,Janna,Sacred Sword Janna,skin,outside_date_window,,,too_old,n6yWIVlfowc,partial,partial,https://www.youtube.com/@SkinSpotlights/search?query=Sacred%20Sword%20Janna
40013,40,Janna,Bewitching Janna,skin,outside_date_window,,,too_old,rKwb3_ZrGE8,partial,partial,https://www.youtube.com/@SkinSpotlights/search?query=Bewitching%20Janna
40020,40,Janna,Guardian of the Sands Janna,skin,referenced,tens1ytYQQo,2020-01-21,chapters_omitted,tens1ytYQQo,partial,not_targeted,
40027,40,Janna,Battle Queen Janna,skin,referenced,Aonn-ml0nsQ,2020-12-07,chapters_omitted,Aonn-ml0nsQ,partial,partial,https://www.youtube.com/@SkinSpotlights/search?query=Battle%20Queen%20Janna
40036,40,Janna,Crystal Rose Janna,skin,referenced,cDB_rIcfcxY,2022-01-29,chapters_omitted,cDB_rIcfcxY,partial,partial,https://www.youtube.com/@SkinSpotlights/search?query=Crystal%20Rose%20Janna
40045,40,Janna,Cyber Halo Janna,skin,referenced,icsJuejlyVE,2022-08-21,chapters_omitted,icsJuejlyVE,partial,not_targeted,
40046,40,Janna,Prestige Cyber Halo Janna,skin,referenced,jrjhmaQaLek,2022-08-21,chapters_omitted,jrjhmaQaLek,partial,not_targeted,
40056,40,Janna,Heavenscale Janna,skin,referenced,i2zmFjRM70k,2024-02-04,chapters_omitted,i2zmFjRM70k,partial,not_targeted,
40066,40,Janna,Dawnbringer Janna,skin,referenced,yNML7flx6c8,2025-06-22,chapters_omitted,yNML7flx6c8,partial,not_targeted,
40067,40,Janna,Coven Janna,skin,referenced,LcE9-iDcGKc,2026-09-20,chapters_omitted,LcE9-iDcGKc,partial,not_targeted,
59001,59,JarvanIV,Commando Jarvan IV,skin,search_incomplete,,,,,partial,partial,https://www.youtube.com/@SkinSpotlights/search?query=Commando%20Jarvan%20IV
59002,59,JarvanIV,Dragonslayer Jarvan IV,skin,search_incomplete,,,,,partial,partial,https://www.youtube.com/@SkinSpotlights/search?query=Dragonslayer%20Jarvan%20IV
59003,59,JarvanIV,Darkforge Jarvan IV,skin,search_incomplete,,,,,partial,partial,https://www.youtube.com/@SkinSpotlights/search?query=Darkforge%20Jarvan%20IV
59004,59,JarvanIV,Victorious Jarvan IV,skin,search_incomplete,,,,,partial,partial,https://www.youtube.com/@SkinSpotlights/search?query=Victorious%20Jarvan%20IV
59005,59,JarvanIV,Warring Kingdoms Jarvan IV,skin,search_incomplete,,,,,partial,partial,https://www.youtube.com/@SkinSpotlights/search?query=Warring%20Kingdoms%20Jarvan%20IV
59006,59,JarvanIV,Fnatic Jarvan IV,skin,search_incomplete,,,,,partial,partial,https://www.youtube.com/@SkinSpotlights/search?query=Fnatic%20Jarvan%20IV
59007,59,JarvanIV,Dark Star Jarvan IV,skin,search_incomplete,,,,,partial,partial,https://www.youtube.com/@SkinSpotlights/search?query=Dark%20Star%20Jarvan%20IV
59008,59,JarvanIV,SSG Jarvan IV,skin,outside_date_window,,,too_old,ZAzitFVkT1o,partial,not_targeted,
59009,59,JarvanIV,Hextech Jarvan IV,skin,search_incomplete,,,,,partial,partial,https://www.youtube.com/@SkinSpotlights/search?query=Hextech%20Jarvan%20IV
59011,59,JarvanIV,Pool Party Jarvan IV,skin,search_incomplete,,,,,partial,partial,https://www.youtube.com/@SkinSpotlights/search?query=Pool%20Party%20Jarvan%20IV
59021,59,JarvanIV,Lunar Beast Jarvan IV,skin,search_incomplete,,,,,partial,partial,https://www.youtube.com/@SkinSpotlights/search?query=Lunar%20Beast%20Jarvan%20IV
59030,59,JarvanIV,Worlds 2021 Jarvan IV,skin,referenced,yaIdDhsbwyg,2021-09-20,chapters_omitted,yaIdDhsbwyg,partial,not_targeted,
59035,59,JarvanIV,Nightbringer Jarvan IV,skin,search_incomplete,,,,,partial,partial,https://www.youtube.com/@SkinSpotlights/search?query=Nightbringer%20Jarvan%20IV
59044,59,JarvanIV,Mythmaker Jarvan IV,skin,search_incomplete,,,,,partial,partial,https://www.youtube.com/@SkinSpotlights/search?query=Mythmaker%20Jarvan%20IV
59054,59,JarvanIV,Prestige Visions of the Fallen Jarvan IV,skin,search_incomplete,,,,,partial,partial,https://www.youtube.com/@SkinSpotlights/search?query=Prestige%20Visions%20of%20the%20Fallen%20Jarvan%20IV
24001,24,Jax,The Mighty Jax,skin,search_incomplete,,,,,partial,partial,https://www.youtube.com/@SkinSpotlights/search?query=The%20Mighty%20Jax
24002,24,Jax,Vandal Jax,skin,search_incomplete,,,,,partial,partial,https://www.youtube.com/@SkinSpotlights/search?query=Vandal%20Jax
24003,24,Jax,Angler Jax,skin,search_incomplete,,,,,partial,partial,https://www.youtube.com/@SkinSpotlights/search?query=Angler%20Jax
24004,24,Jax,PAX Jax,skin,search_incomplete,,,,,partial,partial,https://www.youtube.com/@SkinSpotlights/search?query=PAX%20Jax
24005,24,Jax,Jaximus,skin,search_incomplete,,,,,partial,partial,https://www.youtube.com/@SkinSpotlights/search?query=Jaximus
24006,24,Jax,Temple Jax,skin,search_incomplete,,,,,partial,partial,https://www.youtube.com/@SkinSpotlights/search?query=Temple%20Jax
24007,24,Jax,Nemesis Jax,skin,search_incomplete,,,,,partial,partial,https://www.youtube.com/@SkinSpotlights/search?query=Nemesis%20Jax
24008,24,Jax,SKT T1 Jax,skin,search_incomplete,,,,,partial,partial,https://www.youtube.com/@SkinSpotlights/search?query=SKT%20T1%20Jax
24012,24,Jax,Warden Jax,skin,outside_date_window,,,too_old,cJk2sSRp9Z4,partial,partial,https://www.youtube.com/@SkinSpotlights/search?query=Warden%20Jax
24013,24,Jax,God Staff Jax,skin,outside_date_window,,,too_old,10x8zP6E3s8,partial,partial,https://www.youtube.com/@SkinSpotlights/search?query=God%20Staff%20Jax
24014,24,Jax,Mecha Kingdoms Jax,skin,needs_review,,,before_visual_update,YVQ3DpARGQ0,partial,partial,https://www.youtube.com/@SkinSpotlights/search?query=Mecha%20Kingdoms%20Jax
24020,24,Jax,Conqueror Jax,skin,needs_review,,,before_visual_update,KTfcb0qV9Tk,partial,partial,https://www.youtube.com/@SkinSpotlights/search?query=Conqueror%20Jax
24021,24,Jax,Prestige Conqueror Jax,skin,needs_review,,,before_visual_update,Ljc8FxM9jLI,partial,partial,https://www.youtube.com/@SkinSpotlights/search?query=Prestige%20Conqueror%20Jax
24022,24,Jax,Empyrean Jax,skin,needs_review,,,before_visual_update,NxScC4pSTvg,partial,partial,https://www.youtube.com/@SkinSpotlights/search?query=Empyrean%20Jax
24032,24,Jax,Neo PAX Jax,skin,search_incomplete,,,,,partial,partial,https://www.youtube.com/@SkinSpotlights/search?query=Neo%20PAX%20Jax
24033,24,Jax,PROJECT: Jax,skin,referenced,Wc97ARVPzxA,2024-03-03,chapters_omitted,Wc97ARVPzxA,partial,not_targeted,
24042,24,Jax,Prestige Magma Chamber Jax,skin,referenced,WqT2HbOFIJM,2026-07-25,chapters_omitted,WqT2HbOFIJM,partial,not_targeted,
126001,126,Jayce,Full Metal Jayce,skin,outside_date_window,,,too_old,tUPF4c3MElE,partial,not_targeted,
126002,126,Jayce,Debonair Jayce,skin,search_incomplete,,,,,partial,partial,https://www.youtube.com/@SkinSpotlights/search?query=Debonair%20Jayce
126003,126,Jayce,Forsaken Jayce,skin,outside_date_window,,,too_old,QhRJyy5J-fA,partial,not_targeted,
126004,126,Jayce,Jayce Brighthammer,skin,outside_date_window,,,too_old,rHGVHCRJa3w,partial,not_targeted,
126005,126,Jayce,Battle Academia Jayce,skin,outside_date_window,,,too_old,VkwcsTh2uRI,partial,not_targeted,
126015,126,Jayce,Resistance Jayce,skin,referenced,Hkx14ntT-XY,2020-11-09,chapters_omitted,Hkx14ntT-XY,partial,not_targeted,
126024,126,Jayce,Arcane Inventor Jayce,skin,search_incomplete,,,,,partial,partial,https://www.youtube.com/@SkinSpotlights/search?query=Arcane%20Inventor%20Jayce
126025,126,Jayce,Zenith Games Jayce,skin,referenced,Yc6a_XT9uIo,2022-09-04,chapters_omitted,Yc6a_XT9uIo,partial,not_targeted,
126034,126,Jayce,T1 Jayce,skin,referenced,Y4W4iTA-LWA,2024-08-11,chapters_omitted,Y4W4iTA-LWA,partial,not_targeted,
126035,126,Jayce,Arcane Survivor Jayce,skin,referenced,TpOlXibVxoY,2024-11-19,chapters_omitted,TpOlXibVxoY,partial,not_targeted,
126036,126,Jayce,Prestige T1 Jayce,skin,referenced,3EV4VmJeyjc,2024-08-11,chapters_omitted,3EV4VmJeyjc,partial,not_targeted,
126038,126,Jayce,Petals of Spring Jayce,skin,referenced,P7UgKMGc_oQ,2026-02-16,chapters_omitted,P7UgKMGc_oQ,partial,not_targeted,
202001,202,Jhin,High Noon Jhin,skin,outside_date_window,,,too_old,scbTy5phJBQ,partial,partial,https://www.youtube.com/@SkinSpotlights/search?query=High%20Noon%20Jhin
202002,202,Jhin,Blood Moon Jhin,skin,outside_date_window,,,too_old,jcS4wh1v_8o,partial,partial,https://www.youtube.com/@SkinSpotlights/search?query=Blood%20Moon%20Jhin
202003,202,Jhin,SKT T1 Jhin,skin,outside_date_window,,,too_old,Mpo8UEzPgyQ,partial,partial,https://www.youtube.com/@SkinSpotlights/search?query=SKT%20T1%20Jhin
202004,202,Jhin,PROJECT: Jhin,skin,outside_date_window,,,too_old,SE86JbOIfSw,partial,not_targeted,
202005,202,Jhin,Dark Cosmic Jhin,skin,outside_date_window,,,too_old,CfmgFb3ebrE,partial,not_targeted,
202014,202,Jhin,Shan Hai Scrolls Jhin,skin,referenced,OlluALkHSF8,2021-01-18,chapters_omitted,OlluALkHSF8,partial,partial,https://www.youtube.com/@SkinSpotlights/search?query=Shan%20Hai%20Scrolls%20Jhin
202023,202,Jhin,DWG Jhin,skin,referenced,YMCu1Mgotnw,2021-04-26,chapters_omitted,YMCu1Mgotnw,partial,not_targeted,
202025,202,Jhin,Empyrean Jhin,skin,referenced,tH_S1ZuZpTI,2022-10-30,chapters_omitted,tH_S1ZuZpTI,partial,not_targeted,
202036,202,Jhin,Soul Fighter Jhin,skin,referenced,ISYLj-eTpZk,2023-07-30,chapters_omitted,ISYLj-eTpZk,partial,partial,https://www.youtube.com/@SkinSpotlights/search?query=Soul%20Fighter%20Jhin
202037,202,Jhin,Dark Cosmic Erasure Jhin,skin,search_incomplete,,,,,partial,partial,https://www.youtube.com/@SkinSpotlights/search?query=Dark%20Cosmic%20Erasure%20Jhin
202047,202,Jhin,Mythmaker Jhin,skin,referenced,L32mCChJiy4,2025-01-19,chapters_omitted,L32mCChJiy4,partial,not_targeted,
202055,202,Jhin,Arcana Jhin,skin,referenced,LLunlOxSWzM,2025-08-24,chapters_omitted,LLunlOxSWzM,partial,partial,https://www.youtube.com/@SkinSpotlights/search?query=Arcana%20Jhin
202064,202,Jhin,Broken Covenant Jhin,skin,referenced,tItRyzkNRec,2026-06-21,chapters_omitted,tItRyzkNRec,partial,not_targeted,
222001,222,Jinx,Crime City Jinx,skin,search_incomplete,,,,,partial,partial,https://www.youtube.com/@SkinSpotlights/search?query=Crime%20City%20Jinx
222002,222,Jinx,Firecracker Jinx,skin,outside_date_window,,,too_old,pYGPrPqE1A4,partial,partial,https://www.youtube.com/@SkinSpotlights/search?query=Firecracker%20Jinx
222003,222,Jinx,Zombie Slayer Jinx,skin,search_incomplete,,,,,partial,partial,https://www.youtube.com/@SkinSpotlights/search?query=Zombie%20Slayer%20Jinx
222004,222,Jinx,Star Guardian Jinx,skin,outside_date_window,,,too_old,6WcvEW-wuSU,partial,not_targeted,
222012,222,Jinx,Ambitious Elf Jinx,skin,outside_date_window,,,too_old,K_myI-hVvt0,partial,partial,https://www.youtube.com/@SkinSpotlights/search?query=Ambitious%20Elf%20Jinx
222013,222,Jinx,Odyssey Jinx,skin,outside_date_window,,,too_old,Mbti9Hxupe8,partial,partial,https://www.youtube.com/@SkinSpotlights/search?query=Odyssey%20Jinx
222020,222,Jinx,PROJECT: Jinx,skin,outside_date_window,,,too_old,KKZ08Kxl-8c,partial,not_targeted,
222029,222,Jinx,Heartseeker Jinx,skin,referenced,EJbq5Ye3nGc,2020-02-02,chapters_omitted,EJbq5Ye3nGc,partial,partial,https://www.youtube.com/@SkinSpotlights/search?query=Heartseeker%20Jinx
222037,222,Jinx,Arcane Enemy Jinx,skin,search_incomplete,,,,,partial,partial,https://www.youtube.com/@SkinSpotlights/search?query=Arcane%20Enemy%20Jinx
222038,222,Jinx,Battle Cat Jinx,skin,referenced,w3Jek87eX7w,2022-03-24,chapters_omitted,w3Jek87eX7w,partial,not_targeted,
222040,222,Jinx,Prestige Battle Cat Jinx,skin,referenced,TawnOPVh8ac,2022-03-24,chapters_omitted,TawnOPVh8ac,partial,partial,https://www.youtube.com/@SkinSpotlights/search?query=Prestige%20Battle%20Cat%20Jinx
222051,222,Jinx,Cafe Cuties Jinx,skin,referenced,yFl9G1QfBE8,2023-10-22,chapters_omitted,yFl9G1QfBE8,partial,not_targeted,
222060,222,Jinx,Arcane Fractured Jinx,skin,referenced,B-Ep-SyztuI,2024-12-08,chapters_omitted,B-Ep-SyztuI,partial,not_targeted,
222062,222,Jinx,T1 Jinx,skin,referenced,0SZzHH0pAKA,2024-08-11,chapters_omitted,0SZzHH0pAKA,partial,not_targeted,
222065,222,Jinx,Ocean Song Jinx,skin,referenced,AcQDTEKXgFw,2026-08-23,chapters_omitted,AcQDTEKXgFw,partial,not_targeted,
897001,897,KSante,Empyrean K'Sante,skin,referenced,26Ct5Hpf9so,2022-10-30,chapters_omitted,26Ct5Hpf9so,partial,not_targeted,
897002,897,KSante,Prestige Empyrean K'Sante,skin,search_incomplete,,,,,partial,partial,https://www.youtube.com/@SkinSpotlights/search?query=Prestige%20Empyrean%20K%27Sante
897008,897,KSante,HEARTSTEEL K'Sante,skin,referenced,VmDn980McZk,2023-11-05,chapters_omitted,VmDn980McZk,partial,not_targeted,
145001,145,Kaisa,Bullet Angel Kai'Sa,skin,outside_date_window,,,too_old,m3-FrYgMjuU,partial,not_targeted,
145014,145,Kaisa,K/DA Kai'Sa,skin,outside_date_window,,,too_old,ZE9XkiORG_g,partial,not_targeted,
145015,145,Kaisa,Prestige K/DA Kai'Sa,skin,outside_date_window,,,too_old,pSYgswoXGrk,partial,partial,https://www.youtube.com/@SkinSpotlights/search?query=Prestige%20K/DA%20Kai%27Sa
145016,145,Kaisa,iG Kai'Sa,skin,search_incomplete,,,,,partial,partial,https://www.youtube.com/@SkinSpotlights/search?query=iG%20Kai%27Sa
145017,145,Kaisa,Arcade Kai'Sa,skin,outside_date_window,,,too_old,ClzyVYEbUBw,partial,not_targeted,
145026,145,Kaisa,K/DA ALL OUT Kai'Sa,skin,needs_review,,,before_visual_update,7loVgekigZU,partial,partial,https://www.youtube.com/@SkinSpotlights/search?query=K/DA%20ALL%20OUT%20Kai%27Sa
145027,145,Kaisa,Prestige K/DA ALL OUT Kai'Sa,skin,needs_review,,,before_visual_update,hedpK90wMec,partial,partial,https://www.youtube.com/@SkinSpotlights/search?query=Prestige%20K/DA%20ALL%20OUT%20Kai%27Sa
145029,145,Kaisa,Lagoon Dragon Kai'Sa,skin,needs_review,,,before_visual_update,5-n1GH92Svs,partial,partial,https://www.youtube.com/@SkinSpotlights/search?query=Lagoon%20Dragon%20Kai%27Sa
145039,145,Kaisa,Prestige K/DA Kai'Sa (2022),skin,search_incomplete,,,,,partial,partial,https://www.youtube.com/@SkinSpotlights/search?query=Prestige%20K/DA%20Kai%27Sa%20%282022%29
145040,145,Kaisa,Star Guardian Kai'Sa,skin,needs_review,,,before_visual_update,eclizrhO_40,partial,partial,https://www.youtube.com/@SkinSpotlights/search?query=Star%20Guardian%20Kai%27Sa
145048,145,Kaisa,Inkshadow Kai'Sa,skin,needs_review,,,before_visual_update,lxkX5FSdNEo,partial,partial,https://www.youtube.com/@SkinSpotlights/search?query=Inkshadow%20Kai%27Sa
145059,145,Kaisa,Heavenscale Kai'Sa,skin,needs_review,,,before_visual_update,dhBTGBsitIg,partial,partial,https://www.youtube.com/@SkinSpotlights/search?query=Heavenscale%20Kai%27Sa
145069,145,Kaisa,Dark Star Kai'Sa,skin,needs_review,,,before_visual_update,ScMJMOBUSuU,partial,partial,https://www.youtube.com/@SkinSpotlights/search?query=Dark%20Star%20Kai%27Sa
145070,145,Kaisa,Risen Legend Kai'Sa,skin,needs_review,,,before_visual_update,SNt39zeWyfs,partial,partial,https://www.youtube.com/@SkinSpotlights/search?query=Risen%20Legend%20Kai%27Sa
145071,145,Kaisa,Immortalized Legend Kai'Sa,skin,needs_review,,,before_visual_update,1QszsFVf47I,partial,partial,https://www.youtube.com/@SkinSpotlights/search?query=Immortalized%20Legend%20Kai%27Sa
429001,429,Kalista,Blood Moon Kalista,skin,search_incomplete,,,,,partial,partial,https://www.youtube.com/@SkinSpotlights/search?query=Blood%20Moon%20Kalista
429002,429,Kalista,Worlds 2015 Kalista,skin,outside_date_window,,,too_old,roXUXSJ_WdM,partial,not_targeted,
429003,429,Kalista,SKT T1 Kalista,skin,search_incomplete,,,,,partial,partial,https://www.youtube.com/@SkinSpotlights/search?query=SKT%20T1%20Kalista
429005,429,Kalista,Marauder Kalista,skin,referenced,jaukFNrAPHo,2021-01-04,chapters_omitted,jaukFNrAPHo,partial,not_targeted,
429014,429,Kalista,Faerie Court Kalista,skin,referenced,YSQTg6WMGeg,2023-03-19,chapters_omitted,YSQTg6WMGeg,partial,not_targeted,
429024,429,Kalista,Dawnbringer Kalista,skin,referenced,FTJ8079lMQ0,2025-07-12,chapters_omitted,FTJ8079lMQ0,partial,not_targeted,
43001,43,Karma,Sun Goddess Karma,skin,search_incomplete,,,,,partial,partial,https://www.youtube.com/@SkinSpotlights/search?query=Sun%20Goddess%20Karma
43002,43,Karma,Sakura Karma,skin,search_incomplete,,,,,partial,partial,https://www.youtube.com/@SkinSpotlights/search?query=Sakura%20Karma
43003,43,Karma,Traditional Karma,skin,search_incomplete,,,,,partial,partial,https://www.youtube.com/@SkinSpotlights/search?query=Traditional%20Karma
43004,43,Karma,Order of the Lotus Karma,skin,search_incomplete,,,,,partial,partial,https://www.youtube.com/@SkinSpotlights/search?query=Order%20of%20the%20Lotus%20Karma
43005,43,Karma,Warden Karma,skin,outside_date_window,,,too_old,11W6TfjbWWk,partial,not_targeted,
43006,43,Karma,Winter Wonder Karma,skin,outside_date_window,,,too_old,zTU2BhpmMQ4,partial,not_targeted,
43007,43,Karma,Conqueror Karma,skin,search_incomplete,,,,,partial,partial,https://www.youtube.com/@SkinSpotlights/search?query=Conqueror%20Karma
43008,43,Karma,Dark Star Karma,skin,outside_date_window,,,too_old,Tv3g-VQGfKI,partial,not_targeted,
43019,43,Karma,Dawnbringer Karma,skin,referenced,a2c6eATj1Fc,2019-12-08,chapters_omitted,a2c6eATj1Fc,partial,not_targeted,
43026,43,Karma,Odyssey Karma,skin,referenced,H1K2uwrQIhU,2020-10-11,chapters_omitted,H1K2uwrQIhU,partial,not_targeted,
43027,43,Karma,Ruined Karma,skin,referenced,WfLP5n32quk,2021-01-18,chapters_omitted,WfLP5n32quk,partial,not_targeted,
43044,43,Karma,Tranquility Dragon Karma,skin,referenced,JoA6XuR6hKc,2021-10-17,chapters_omitted,JoA6XuR6hKc,partial,not_targeted,
43054,43,Karma,Faerie Queen Karma,skin,referenced,JytAmr1CUV8,2023-03-19,chapters_omitted,JytAmr1CUV8,partial,not_targeted,
43061,43,Karma,Infernal Karma,skin,referenced,edzBXgu3Uw4,2024-05-26,chapters_omitted,edzBXgu3Uw4,partial,not_targeted,
43070,43,Karma,Spirit Blossom Karma,skin,referenced,mA_wWVvmt9I,2025-06-22,chapters_omitted,mA_wWVvmt9I,partial,not_targeted,
30001,30,Karthus,Phantom Karthus,skin,search_incomplete,,,,,partial,partial,https://www.youtube.com/@SkinSpotlights/search?query=Phantom%20Karthus
30002,30,Karthus,Statue of Karthus,skin,search_incomplete,,,,,partial,partial,https://www.youtube.com/@SkinSpotlights/search?query=Statue%20of%20Karthus
30003,30,Karthus,Grim Reaper Karthus,skin,search_incomplete,,,,,partial,partial,https://www.youtube.com/@SkinSpotlights/search?query=Grim%20Reaper%20Karthus
30004,30,Karthus,Pentakill Karthus,skin,search_incomplete,,,,,partial,partial,https://www.youtube.com/@SkinSpotlights/search?query=Pentakill%20Karthus
30005,30,Karthus,Fnatic Karthus,skin,search_incomplete,,,,,partial,partial,https://www.youtube.com/@SkinSpotlights/search?query=Fnatic%20Karthus
30009,30,Karthus,Karthus Lightsbane,skin,outside_date_window,,,too_old,td0d3xl9xZ8,partial,not_targeted,
30010,30,Karthus,Infernal Karthus,skin,referenced,uVqEEzVVb_g,2020-07-06,chapters_omitted,uVqEEzVVb_g,partial,not_targeted,
30017,30,Karthus,Pentakill III: Lost Chapter Karthus,skin,referenced,cBgqKg3pkh4,2021-09-05,chapters_omitted,cBgqKg3pkh4,partial,not_targeted,
30026,30,Karthus,Elderwood Karthus,skin,referenced,t9hsdYhl_xQ,2023-06-25,chapters_omitted,t9hsdYhl_xQ,partial,not_targeted,
30035,30,Karthus,Arcana Karthus,skin,referenced,r8BtjCeEst4,2025-09-21,chapters_omitted,r8BtjCeEst4,partial,not_targeted,
38001,38,Kassadin,Festival Kassadin,skin,search_incomplete,,,,,partial,partial,https://www.youtube.com/@SkinSpotlights/search?query=Festival%20Kassadin
38002,38,Kassadin,Deep One Kassadin,skin,search_incomplete,,,,,partial,partial,https://www.youtube.com/@SkinSpotlights/search?query=Deep%20One%20Kassadin
38003,38,Kassadin,Pre-Void Kassadin,skin,search_incomplete,,,,,partial,partial,https://www.youtube.com/@SkinSpotlights/search?query=Pre-Void%20Kassadin
38004,38,Kassadin,Harbinger Kassadin,skin,search_incomplete,,,,,partial,partial,https://www.youtube.com/@SkinSpotlights/search?query=Harbinger%20Kassadin
38005,38,Kassadin,Cosmic Reaver Kassadin,skin,outside_date_window,,,too_old,m1m8-_sxYc0,partial,not_targeted,
38006,38,Kassadin,Count Kassadin,skin,referenced,9GqM9b6c46Q,2019-10-21,chapters_omitted,9GqM9b6c46Q,partial,not_targeted,
38014,38,Kassadin,Hextech Kassadin,skin,referenced,ykVMlq0ARac,2020-10-11,chapters_omitted,ykVMlq0ARac,partial,not_targeted,
38015,38,Kassadin,Shockblade Kassadin,skin,referenced,oH8CFrPO2-w,2022-02-13,chapters_omitted,oH8CFrPO2-w,partial,not_targeted,
38024,38,Kassadin,Dragonmancer Kassadin,skin,referenced,Y18Bn89zlbA,2024-01-07,chapters_omitted,Y18Bn89zlbA,partial,not_targeted,
55001,55,Katarina,Mercenary Katarina,skin,search_incomplete,,,,,partial,partial,https://www.youtube.com/@SkinSpotlights/search?query=Mercenary%20Katarina
55002,55,Katarina,Red Card Katarina,skin,search_incomplete,,,,,partial,partial,https://www.youtube.com/@SkinSpotlights/search?query=Red%20Card%20Katarina
55003,55,Katarina,Bilgewater Katarina,skin,search_incomplete,,,,,partial,partial,https://www.youtube.com/@SkinSpotlights/search?query=Bilgewater%20Katarina
55004,55,Katarina,Kitty Cat Katarina,skin,search_incomplete,,,,,partial,partial,https://www.youtube.com/@SkinSpotlights/search?query=Kitty%20Cat%20Katarina
55005,55,Katarina,High Command Katarina,skin,search_incomplete,,,,,partial,partial,https://www.youtube.com/@SkinSpotlights/search?query=High%20Command%20Katarina
55006,55,Katarina,Sandstorm Katarina,skin,search_incomplete,,,,,partial,partial,https://www.youtube.com/@SkinSpotlights/search?query=Sandstorm%20Katarina
55007,55,Katarina,Slay Belle Katarina,skin,search_incomplete,,,,,partial,partial,https://www.youtube.com/@SkinSpotlights/search?query=Slay%20Belle%20Katarina
55008,55,Katarina,Warring Kingdoms Katarina,skin,search_incomplete,,,,,partial,partial,https://www.youtube.com/@SkinSpotlights/search?query=Warring%20Kingdoms%20Katarina
55009,55,Katarina,PROJECT: Katarina,skin,search_incomplete,,,,,partial,partial,https://www.youtube.com/@SkinSpotlights/search?query=PROJECT%3A%20Katarina
55010,55,Katarina,Death Sworn Katarina,skin,outside_date_window,,,too_old,rBMA2ktF74s,partial,partial,https://www.youtube.com/@SkinSpotlights/search?query=Death%20Sworn%20Katarina
55012,55,Katarina,Battle Academia Katarina,skin,outside_date_window,,,too_old,sJ7QVt4AD60,partial,partial,https://www.youtube.com/@SkinSpotlights/search?query=Battle%20Academia%20Katarina
55021,55,Katarina,Blood Moon Katarina,skin,referenced,8NysKiIBB48,2020-02-18,chapters_omitted,8NysKiIBB48,partial,partial,https://www.youtube.com/@SkinSpotlights/search?query=Blood%20Moon%20Katarina
55029,55,Katarina,Battle Queen Katarina,skin,referenced,75bcq0yP9Wk,2020-12-07,chapters_omitted,75bcq0yP9Wk,partial,not_targeted,
55037,55,Katarina,High Noon Katarina,skin,referenced,4LmUscvuLbw,2022-05-08,chapters_omitted,4LmUscvuLbw,partial,partial,https://www.youtube.com/@SkinSpotlights/search?query=High%20Noon%20Katarina
55047,55,Katarina,Faerie Court Katarina,skin,referenced,4eKwlZb2qEc,2023-03-19,chapters_omitted,4eKwlZb2qEc,partial,not_targeted,
55048,55,Katarina,Prestige Faerie Court Katarina,skin,referenced,Z7IZ9HsOSbY,2023-03-19,chapters_omitted,Z7IZ9HsOSbY,partial,not_targeted,
55059,55,Katarina,Chosen of the Wolf Katarina,skin,referenced,yr4k5v0Tazg,2024-11-04,chapters_omitted,yr4k5v0Tazg,partial,not_targeted,
55060,55,Katarina,Prestige Masque of the Black Rose Katarina,skin,referenced,IXXmIkXro6U,2025-01-05,chapters_omitted,IXXmIkXro6U,partial,not_targeted,
55070,55,Katarina,Petals of Spring Katarina,skin,referenced,ok3qTjx_5vU,2026-02-16,chapters_omitted,ok3qTjx_5vU,partial,not_targeted,
10001,10,Kayle,Silver Kayle,skin,search_incomplete,,,,,partial,partial,https://www.youtube.com/@SkinSpotlights/search?query=Silver%20Kayle
10002,10,Kayle,Viridian Kayle,skin,search_incomplete,,,,,partial,partial,https://www.youtube.com/@SkinSpotlights/search?query=Viridian%20Kayle
10003,10,Kayle,Transcended Kayle,skin,search_incomplete,,,,,partial,partial,https://www.youtube.com/@SkinSpotlights/search?query=Transcended%20Kayle
10004,10,Kayle,Battleborn Kayle,skin,search_incomplete,,,,,partial,partial,https://www.youtube.com/@SkinSpotlights/search?query=Battleborn%20Kayle
10005,10,Kayle,Judgment Kayle,skin,search_incomplete,,,,,partial,partial,https://www.youtube.com/@SkinSpotlights/search?query=Judgment%20Kayle
10006,10,Kayle,Aether Wing Kayle,skin,search_incomplete,,,,,partial,partial,https://www.youtube.com/@SkinSpotlights/search?query=Aether%20Wing%20Kayle
10007,10,Kayle,Riot Kayle,skin,search_incomplete,,,,,partial,partial,https://www.youtube.com/@SkinSpotlights/search?query=Riot%20Kayle
10008,10,Kayle,Iron Inquisitor Kayle,skin,outside_date_window,,,too_old,lwv7R67gaAI,partial,partial,https://www.youtube.com/@SkinSpotlights/search?query=Iron%20Inquisitor%20Kayle
10009,10,Kayle,Pentakill Kayle,skin,outside_date_window,,,too_old,gLnJJZj0BAI,partial,not_targeted,
10015,10,Kayle,PsyOps Kayle,skin,referenced,lRpcdHJQ1dA,2020-09-14,chapters_omitted,lRpcdHJQ1dA,partial,not_targeted,
10024,10,Kayle,Dragonslayer Kayle,skin,referenced,hBdBmyynJEY,2021-04-12,chapters_omitted,hBdBmyynJEY,partial,partial,https://www.youtube.com/@SkinSpotlights/search?query=Dragonslayer%20Kayle
10033,10,Kayle,Pentakill III: Lost Chapter Kayle,skin,referenced,Ag9HOyZNbpM,2021-09-05,chapters_omitted,Ag9HOyZNbpM,partial,partial,https://www.youtube.com/@SkinSpotlights/search?query=Pentakill%20III%3A%20Lost%20Chapter%20Kayle
10042,10,Kayle,Sun-Eater Kayle,skin,referenced,l8Q41vZSNy0,2022-04-24,chapters_omitted,l8Q41vZSNy0,partial,not_targeted,
10057,10,Kayle,Immortal Journey Kayle,skin,referenced,IpvEwuxIwDA,2023-08-13,chapters_omitted,IpvEwuxIwDA,partial,not_targeted,
10066,10,Kayle,Empyrean Kayle,skin,referenced,KGFPJJkQCzg,2024-04-28,chapters_omitted,KGFPJJkQCzg,partial,not_targeted,
10067,10,Kayle,Prestige Empyrean Kayle,skin,referenced,6MN4RuHgens,2024-04-28,chapters_omitted,6MN4RuHgens,partial,not_targeted,
10078,10,Kayle,Spirit Blossom Kayle,skin,referenced,5l84iMA8MKo,2025-06-22,chapters_omitted,5l84iMA8MKo,partial,not_targeted,
10088,10,Kayle,Founders Silver Kayle,skin,search_incomplete,,,,,partial,partial,https://www.youtube.com/@SkinSpotlights/search?query=Founders%20Silver%20Kayle
141001,141,Kayn,Soulhunter Kayn,skin,outside_date_window,,,too_old,QWsyxpCin2M,partial,not_targeted,
141002,141,Kayn,Odyssey Kayn,skin,outside_date_window,,,too_old,URo13CII05Y,partial,not_targeted,
141008,141,Kayn,Nightbringer Kayn,skin,referenced,BufynU8zu2I,2021-09-20,chapters_omitted,BufynU8zu2I,partial,not_targeted,
141009,141,Kayn,Prestige Nightbringer Kayn,skin,referenced,U-5abGYDLa0,2021-09-20,chapters_omitted,U-5abGYDLa0,partial,not_targeted,
141015,141,Kayn,Snow Moon Kayn,skin,referenced,RdalLM7DRFA,2022-06-20,chapters_omitted,RdalLM7DRFA,partial,not_targeted,
141020,141,Kayn,HEARTSTEEL Kayn,skin,referenced,9CTWwdHXf_Q,2023-11-05,chapters_omitted,9CTWwdHXf_Q,partial,not_targeted,
141026,141,Kayn,Battle Academia Kayn,skin,referenced,NUsKtUlm8ig,2025-03-16,chapters_omitted,NUsKtUlm8ig,partial,not_targeted,
85001,85,Kennen,Deadly Kennen,skin,search_incomplete,,,,,partial,partial,https://www.youtube.com/@SkinSpotlights/search?query=Deadly%20Kennen
85002,85,Kennen,Swamp Master Kennen,skin,search_incomplete,,,,,partial,partial,https://www.youtube.com/@SkinSpotlights/search?query=Swamp%20Master%20Kennen
85003,85,Kennen,Karate Kennen,skin,search_incomplete,,,,,partial,partial,https://www.youtube.com/@SkinSpotlights/search?query=Karate%20Kennen
85004,85,Kennen,Kennen M.D.,skin,search_incomplete,,,,,partial,partial,https://www.youtube.com/@SkinSpotlights/search?query=Kennen%20M.D.
85005,85,Kennen,Arctic Ops Kennen,skin,search_incomplete,,,,,partial,partial,https://www.youtube.com/@SkinSpotlights/search?query=Arctic%20Ops%20Kennen
85006,85,Kennen,Blood Moon Kennen,skin,outside_date_window,,,too_old,1WuWL7qcYPM,partial,not_targeted,
85007,85,Kennen,Super Kennen,skin,outside_date_window,,,too_old,MQbG_dVAKJM,partial,not_targeted,
85008,85,Kennen,Infernal Kennen,skin,referenced,mdKLtmDpej0,2020-07-06,chapters_omitted,mdKLtmDpej0,partial,not_targeted,
85023,85,Kennen,DWG Kennen,skin,referenced,Ywk3SvaAPhU,2021-04-26,chapters_omitted,Ywk3SvaAPhU,partial,not_targeted,
85025,85,Kennen,Astronaut Kennen,skin,referenced,VQ-6xHeoIlk,2023-02-20,chapters_omitted,VQ-6xHeoIlk,partial,not_targeted,
121001,121,Khazix,Mecha Kha'Zix,skin,search_incomplete,,,,,partial,partial,https://www.youtube.com/@SkinSpotlights/search?query=Mecha%20Kha%27Zix
121002,121,Khazix,Guardian of the Sands Kha'Zix,skin,search_incomplete,,,,,partial,partial,https://www.youtube.com/@SkinSpotlights/search?query=Guardian%20of%20the%20Sands%20Kha%27Zix
121003,121,Khazix,Death Blossom Kha'Zix,skin,outside_date_window,,,too_old,zKdF1EN3ByM,partial,not_targeted,
121004,121,Khazix,Dark Star Kha'Zix,skin,outside_date_window,,,too_old,C0ZyppnyONM,partial,not_targeted,
121011,121,Khazix,Worlds 2018 Kha'Zix,skin,outside_date_window,,,too_old,vWsv9pSfdIA,partial,not_targeted,
121060,121,Khazix,Odyssey Kha'Zix,skin,referenced,SgVHrTm-Adc,2020-10-11,chapters_omitted,SgVHrTm-Adc,partial,not_targeted,
121069,121,Khazix,Lunar Guardian Kha'Zix,skin,referenced,p6NxGm1EOHU,2023-01-07,chapters_omitted,p6NxGm1EOHU,partial,not_targeted,
121079,121,Khazix,Crystalis Indomitus Kha'Zix,skin,referenced,upWCRW3iL_k,2024-03-17,chapters_omitted,upWCRW3iL_k,partial,not_targeted,
203001,203,Kindred,Shadowfire Kindred,skin,outside_date_window,,,too_old,PQEwSQSeS44,partial,not_targeted,
203002,203,Kindred,Super Galaxy Kindred,skin,outside_date_window,,,too_old,24TtaTqI8v0,partial,not_targeted,
203003,203,Kindred,Spirit Blossom Kindred,skin,referenced,s06BWF7wU-o,2020-08-03,chapters_omitted,s06BWF7wU-o,partial,not_targeted,
203012,203,Kindred,Porcelain Kindred,skin,referenced,jPLSjUeWfbw,2022-01-26,chapters_omitted,jPLSjUeWfbw,partial,not_targeted,
203022,203,Kindred,Woof and Lamb Kindred,skin,referenced,UbKncKuD0U8,2023-04-03,chapters_omitted,UbKncKuD0U8,partial,not_targeted,
203023,203,Kindred,DRX Kindred,skin,referenced,lT5au2GniQw,2023-05-29,chapters_omitted,lT5au2GniQw,partial,not_targeted,
203033,203,Kindred,Prestige Porcelain Kindred,skin,referenced,U_qu5XYtKBA,2024-02-18,chapters_omitted,U_qu5XYtKBA,partial,not_targeted,
203034,203,Kindred,Chosen of the Wolf Kindred,skin,referenced,Q33qNzBT2k4,2024-11-04,chapters_omitted,Q33qNzBT2k4,partial,not_targeted,
203045,203,Kindred,Pandemonium Kindred,skin,referenced,Fkybajd1_MQ,2026-04-26,chapters_omitted,Fkybajd1_MQ,partial,not_targeted,
240001,240,Kled,Sir Kled,skin,outside_date_window,,,too_old,hzzvDK_vlzs,partial,not_targeted,
240002,240,Kled,Count Kledula,skin,outside_date_window,,,too_old,c1-u9LjiX5g,partial,not_targeted,
240009,240,Kled,Marauder Kled,skin,referenced,_JNokrepqzM,2021-01-04,chapters_omitted,_JNokrepqzM,partial,not_targeted,
240018,240,Kled,Kibble-Head Kled,skin,referenced,jBWIguS44Q0,2023-04-03,chapters_omitted,jBWIguS44Q0,partial,not_targeted,
96001,96,KogMaw,Caterpillar Kog'Maw,skin,search_incomplete,,,,,partial,partial,https://www.youtube.com/@SkinSpotlights/search?query=Caterpillar%20Kog%27Maw
96002,96,KogMaw,Sonoran Kog'Maw,skin,search_incomplete,,,,,partial,partial,https://www.youtube.com/@SkinSpotlights/search?query=Sonoran%20Kog%27Maw
96003,96,KogMaw,Monarch Kog'Maw,skin,search_incomplete,,,,,partial,partial,https://www.youtube.com/@SkinSpotlights/search?query=Monarch%20Kog%27Maw
96004,96,KogMaw,Reindeer Kog'Maw,skin,search_incomplete,,,,,partial,partial,https://www.youtube.com/@SkinSpotlights/search?query=Reindeer%20Kog%27Maw
96005,96,KogMaw,Lion Dance Kog'Maw,skin,search_incomplete,,,,,partial,partial,https://www.youtube.com/@SkinSpotlights/search?query=Lion%20Dance%20Kog%27Maw
96006,96,KogMaw,Deep Sea Kog'Maw,skin,search_incomplete,,,,,partial,partial,https://www.youtube.com/@SkinSpotlights/search?query=Deep%20Sea%20Kog%27Maw
96007,96,KogMaw,Jurassic Kog'Maw,skin,search_incomplete,,,,,partial,partial,https://www.youtube.com/@SkinSpotlights/search?query=Jurassic%20Kog%27Maw
96008,96,KogMaw,Battlecast Kog'Maw,skin,search_incomplete,,,,,partial,partial,https://www.youtube.com/@SkinSpotlights/search?query=Battlecast%20Kog%27Maw
96009,96,KogMaw,Pug'Maw,skin,search_incomplete,,,,,partial,partial,https://www.youtube.com/@SkinSpotlights/search?query=Pug%27Maw
96010,96,KogMaw,Hextech Kog'Maw,skin,outside_date_window,,,too_old,RPPrQxxcrjg,partial,not_targeted,
96019,96,KogMaw,Arcanist Kog'Maw,skin,referenced,s3SgdaE3CSs,2020-07-06,chapters_omitted,s3SgdaE3CSs,partial,not_targeted,
96028,96,KogMaw,Bee'Maw,skin,referenced,wKalzgmxCXI,2021-02-28,chapters_omitted,wKalzgmxCXI,partial,partial,https://www.youtube.com/@SkinSpotlights/search?query=Bee%27Maw
96037,96,KogMaw,Zap'Maw,skin,referenced,5BAFxspHMbg,2022-08-07,chapters_omitted,5BAFxspHMbg,partial,not_targeted,
96046,96,KogMaw,Shan Hai Scrolls Kog'Maw,skin,referenced,e6lisPt4N9E,2023-06-11,chapters_omitted,e6lisPt4N9E,partial,not_targeted,
96055,96,KogMaw,Victorious Kog'Maw,skin,referenced,5ZbSEaAU5-g,2024-05-12,chapters_omitted,5ZbSEaAU5-g,partial,not_targeted,
7001,7,Leblanc,Wicked LeBlanc,skin,referenced,NezK9DONiLc,2025-03-29,chapters_omitted,NezK9DONiLc,partial,partial,https://www.youtube.com/@SkinSpotlights/search?query=Wicked%20LeBlanc
7002,7,Leblanc,Prestigious LeBlanc,skin,referenced,280IiFMexeg,2025-03-29,chapters_omitted,280IiFMexeg,partial,not_targeted,
7003,7,Leblanc,Mistletoe LeBlanc,skin,referenced,ntbF59Rwlbk,2025-03-29,chapters_omitted,ntbF59Rwlbk,partial,not_targeted,
7004,7,Leblanc,Ravenborn LeBlanc,skin,referenced,vQP1haO0_xI,2025-03-29,chapters_omitted,vQP1haO0_xI,partial,not_targeted,
7005,7,Leblanc,Elderwood LeBlanc,skin,referenced,rsGbwrCMXrg,2025-03-29,chapters_omitted,rsGbwrCMXrg,partial,not_targeted,
7012,7,Leblanc,Program LeBlanc,skin,referenced,_wuSsNwfTL8,2025-03-29,chapters_omitted | too_old,9E9iiz7PvTg | _wuSsNwfTL8,partial,not_targeted,
7019,7,Leblanc,iG LeBlanc,skin,referenced,oc_LbztfVxc,2025-03-29,chapters_omitted,oc_LbztfVxc,partial,not_targeted,
7020,7,Leblanc,Coven LeBlanc,skin,referenced,83_YzEpNLKQ,2025-03-29,chapters_omitted,0utX_eAVILA | 83_YzEpNLKQ,partial,not_targeted,
7029,7,Leblanc,Worlds 2020 LeBlanc,skin,referenced,cWd3rR_JPj8,2025-03-29,chapters_omitted,cWd3rR_JPj8,partial,partial,https://www.youtube.com/@SkinSpotlights/search?query=Worlds%202020%20LeBlanc
7033,7,Leblanc,Prestige Coven LeBlanc,skin,referenced,bl6q6tuFctw,2025-03-29,chapters_omitted,-VoeyJbku6E | bl6q6tuFctw,partial,partial,https://www.youtube.com/@SkinSpotlights/search?query=Prestige%20Coven%20LeBlanc
7035,7,Leblanc,Debonair LeBlanc,skin,referenced,GTd78Zhb-Xg,2025-03-29,chapters_omitted,GTd78Zhb-Xg | bgLWv178GM8,partial,not_targeted,
7045,7,Leblanc,Bewitching LeBlanc,skin,referenced,YguNhIOw0fA,2025-03-29,chapters_omitted,YguNhIOw0fA | nEuvX3EE0XU,partial,partial,https://www.youtube.com/@SkinSpotlights/search?query=Bewitching%20LeBlanc
7055,7,Leblanc,Risen Legend LeBlanc,skin,referenced,NLG_eyH7Lb4,2025-03-29,chapters_omitted,NLG_eyH7Lb4,partial,not_targeted,
7059,7,Leblanc,Prestige Sinful Shores LeBlanc,skin,referenced,BUesfu5HqTo,2026-06-07,chapters_omitted,BUesfu5HqTo,partial,not_targeted,
64001,64,LeeSin,Traditional Lee Sin,skin,needs_review,,,before_visual_update,RSjQg6KjaXo,partial,partial,https://www.youtube.com/@SkinSpotlights/search?query=Traditional%20Lee%20Sin
64002,64,LeeSin,Acolyte Lee Sin,skin,needs_review,,,before_visual_update,2bp6xHXk0mo,partial,partial,https://www.youtube.com/@SkinSpotlights/search?query=Acolyte%20Lee%20Sin
64003,64,LeeSin,Dragon Fist Lee Sin,skin,needs_review,,,before_visual_update,RH1b6iLCVr4,partial,partial,https://www.youtube.com/@SkinSpotlights/search?query=Dragon%20Fist%20Lee%20Sin
64004,64,LeeSin,Muay Thai Lee Sin,skin,needs_review,,,before_visual_update,gKzYA3nfbA8,partial,partial,https://www.youtube.com/@SkinSpotlights/search?query=Muay%20Thai%20Lee%20Sin
64005,64,LeeSin,Pool Party Lee Sin,skin,needs_review,,,before_visual_update,AnvqxieFidc,partial,partial,https://www.youtube.com/@SkinSpotlights/search?query=Pool%20Party%20Lee%20Sin
64006,64,LeeSin,SKT T1 Lee Sin,skin,needs_review,,,before_visual_update,8mdr_Rp6eVU,partial,partial,https://www.youtube.com/@SkinSpotlights/search?query=SKT%20T1%20Lee%20Sin
64010,64,LeeSin,Knockout Lee Sin,skin,needs_review,,,before_visual_update | too_old,9lUQ87Y_lIM | COtYIqsdmYk,partial,partial,https://www.youtube.com/@SkinSpotlights/search?query=Knockout%20Lee%20Sin
64011,64,LeeSin,God Fist Lee Sin,skin,needs_review,,,before_visual_update | too_old,VqK8SpEJz3E | ZS0DvPpVZVo,partial,partial,https://www.youtube.com/@SkinSpotlights/search?query=God%20Fist%20Lee%20Sin
64012,64,LeeSin,Playmaker Lee Sin,skin,needs_review,,,before_visual_update | too_old,1sXVGi9aBK4 | KJ65fIdEeT4,partial,partial,https://www.youtube.com/@SkinSpotlights/search?query=Playmaker%20Lee%20Sin
64027,64,LeeSin,Nightbringer Lee Sin,skin,needs_review,,,before_visual_update,CwgthDQid7k | fipJeHgxCwc,partial,partial,https://www.youtube.com/@SkinSpotlights/search?query=Nightbringer%20Lee%20Sin
64028,64,LeeSin,Prestige Nightbringer Lee Sin,skin,needs_review,,,before_visual_update,5c9JGtpO4t8 | pBTa8Ddyp1c,partial,partial,https://www.youtube.com/@SkinSpotlights/search?query=Prestige%20Nightbringer%20Lee%20Sin
64029,64,LeeSin,FPX Lee Sin,skin,needs_review,,,before_visual_update,OFBKZZOwt8E | Zmy67U8WT8Q,partial,partial,https://www.youtube.com/@SkinSpotlights/search?query=FPX%20Lee%20Sin
64031,64,LeeSin,Storm Dragon Lee Sin,skin,needs_review,,,before_visual_update,9TX5q285TXA | uCrpdBUq0VA,partial,partial,https://www.youtube.com/@SkinSpotlights/search?query=Storm%20Dragon%20Lee%20Sin
64039,64,LeeSin,Prestige Nightbringer Lee Sin (2022),skin,search_incomplete,,,,,partial,partial,https://www.youtube.com/@SkinSpotlights/search?query=Prestige%20Nightbringer%20Lee%20Sin%20%282022%29
64041,64,LeeSin,Zenith Games Lee Sin,skin,needs_review,,,before_visual_update,EJLjd3nQcp8 | yVYozs93_6U,partial,partial,https://www.youtube.com/@SkinSpotlights/search?query=Zenith%20Games%20Lee%20Sin
64051,64,LeeSin,Heavenscale Lee Sin,skin,needs_review,,,before_visual_update,ShCP620appo,partial,partial,https://www.youtube.com/@SkinSpotlights/search?query=Heavenscale%20Lee%20Sin
64052,64,LeeSin,Divine Heavenscale Lee Sin,skin,needs_review,,,before_visual_update,c9hZ_FnVqEE,partial,partial,https://www.youtube.com/@SkinSpotlights/search?query=Divine%20Heavenscale%20Lee%20Sin
64068,64,LeeSin,T1 Lee Sin,skin,referenced,SBtXuuWXnrc,2024-08-11,chapters_omitted,SBtXuuWXnrc,partial,not_targeted,
64072,64,LeeSin,Inkshadow Lee Sin,skin,referenced,k_38IrnZnE8,2025-06-07,chapters_omitted,k_38IrnZnE8,partial,not_targeted,
89001,89,Leona,Valkyrie Leona,skin,search_incomplete,,,,,partial,partial,https://www.youtube.com/@SkinSpotlights/search?query=Valkyrie%20Leona
89002,89,Leona,Defender Leona,skin,search_incomplete,,,,,partial,partial,https://www.youtube.com/@SkinSpotlights/search?query=Defender%20Leona
89003,89,Leona,Iron Solari Leona,skin,search_incomplete,,,,,partial,partial,https://www.youtube.com/@SkinSpotlights/search?query=Iron%20Solari%20Leona
89004,89,Leona,Pool Party Leona,skin,search_incomplete,,,,,partial,partial,https://www.youtube.com/@SkinSpotlights/search?query=Pool%20Party%20Leona
89008,89,Leona,PROJECT: Leona,skin,outside_date_window,,,too_old,Q1wpuyfRJvc,partial,partial,https://www.youtube.com/@SkinSpotlights/search?query=PROJECT%3A%20Leona
89009,89,Leona,Barbecue Leona,skin,outside_date_window,,,too_old,BcTcgVS9t6s,partial,partial,https://www.youtube.com/@SkinSpotlights/search?query=Barbecue%20Leona
89010,89,Leona,Solar Eclipse Leona,skin,outside_date_window,,,too_old,JM44U_ej2aE,partial,not_targeted,
89011,89,Leona,Lunar Eclipse Leona,skin,outside_date_window,,,too_old,gRHHbHKTd4I,partial,not_targeted,
89012,89,Leona,Mecha Kingdoms Leona,skin,referenced,ewjCmZaqvgQ,2020-01-15,chapters_omitted,ewjCmZaqvgQ,partial,not_targeted,
89021,89,Leona,Battle Academia Leona,skin,referenced,5Lb7msiKY9U,2021-03-15,chapters_omitted,5Lb7msiKY9U,partial,not_targeted,
89022,89,Leona,DWG Leona,skin,referenced,oYljFRv7QyY,2021-04-26,chapters_omitted,oYljFRv7QyY,partial,not_targeted,
89023,89,Leona,Prestige Battle Academia Leona,skin,referenced,t1BAzuGaooM,2021-03-15,chapters_omitted,t1BAzuGaooM,partial,not_targeted,
89033,89,Leona,Debonair Leona,skin,referenced,yAQVvsLTIb4,2021-12-05,chapters_omitted,yAQVvsLTIb4,partial,not_targeted,
89034,89,Leona,High Noon Leona,skin,referenced,_N7t3c4Uaxg,2022-05-08,chapters_omitted,_N7t3c4Uaxg,partial,not_targeted,
89050,89,Leona,Crystalis Motus Leona,skin,referenced,3Wpwq-ZssXQ,2023-06-11,chapters_omitted,3Wpwq-ZssXQ,partial,not_targeted,
89052,89,Leona,Battle Lion Leona,skin,referenced,hZJ66QYILT8,2024-07-28,chapters_omitted,hZJ66QYILT8,partial,not_targeted,
89053,89,Leona,Prestige Battle Lion Leona,skin,referenced,LKasGoTySGE,2024-07-28,chapters_omitted,LKasGoTySGE,partial,not_targeted,
89064,89,Leona,Eternal Aspect Leona,skin,referenced,ic_oY-c5xFE,2026-05-25,chapters_omitted,ic_oY-c5xFE,partial,not_targeted,
876001,876,Lillia,Spirit Blossom Lillia,skin,referenced,mW6qt-08zQY,2020-07-19,chapters_omitted,mW6qt-08zQY,partial,not_targeted,
876010,876,Lillia,Nightbringer Lillia,skin,referenced,3Ov_2ZdIIj0,2021-09-20,chapters_omitted,3Ov_2ZdIIj0,partial,not_targeted,
876019,876,Lillia,Shan Hai Scrolls Lillia,skin,referenced,2mAarAMrcFI,2023-06-11,chapters_omitted,2mAarAMrcFI,partial,not_targeted,
876028,876,Lillia,Faerie Court Lillia,skin,referenced,K0LM5yTRipc,2024-05-12,chapters_omitted,K0LM5yTRipc,partial,not_targeted,
876037,876,Lillia,Bowling League Lillia,skin,referenced,2nVOJzodcLg,2025-08-09,chapters_omitted,2nVOJzodcLg,partial,not_targeted,
876046,876,Lillia,Petals of Spring Lillia,skin,referenced,8GHjcQbWoqg,2026-02-16,chapters_omitted,8GHjcQbWoqg,partial,not_targeted,
127001,127,Lissandra,Bloodstone Lissandra,skin,search_incomplete,,,,,partial,partial,https://www.youtube.com/@SkinSpotlights/search?query=Bloodstone%20Lissandra
127002,127,Lissandra,Blade Queen Lissandra,skin,search_incomplete,,,,,partial,partial,https://www.youtube.com/@SkinSpotlights/search?query=Blade%20Queen%20Lissandra
127003,127,Lissandra,Program Lissandra,skin,outside_date_window,,,too_old,NAQ8SGRgsi4,partial,not_targeted,
127004,127,Lissandra,Coven Lissandra,skin,outside_date_window,,,too_old,TxKn2azbVgE,partial,not_targeted,
127012,127,Lissandra,Dark Cosmic Lissandra,skin,referenced,qakuk-1pA6A,2020-11-22,chapters_omitted,qakuk-1pA6A,partial,not_targeted,
127023,127,Lissandra,Porcelain Lissandra,skin,referenced,9OZhCiy92GY,2022-01-26,chapters_omitted,9OZhCiy92GY,partial,not_targeted,
127033,127,Lissandra,Prestige Porcelain Lissandra,skin,referenced,z-oOQKy1j3c,2023-01-07,chapters_omitted,z-oOQKy1j3c,partial,not_targeted,
127034,127,Lissandra,Space Groove Lissandra,skin,referenced,wRVI3btzp9Q,2022-11-13,chapters_omitted,wRVI3btzp9Q,partial,not_targeted,
127043,127,Lissandra,Flora Fatalis Lissandra,skin,referenced,1tmSXJWKM8w,2025-10-05,chapters_omitted,1tmSXJWKM8w,partial,not_targeted,
805001,805,Locke,High Noon Locke,skin,referenced,VBN_rJ4Mz_8,2026-06-21,chapters_omitted,VBN_rJ4Mz_8,partial,not_targeted,
236001,236,Lucian,Hired Gun Lucian,skin,search_incomplete,,,,,partial,partial,https://www.youtube.com/@SkinSpotlights/search?query=Hired%20Gun%20Lucian
236002,236,Lucian,Striker Lucian,skin,search_incomplete,,,,,partial,partial,https://www.youtube.com/@SkinSpotlights/search?query=Striker%20Lucian
236006,236,Lucian,PROJECT: Lucian,skin,outside_date_window,,,too_old,AXOtiIYb8r4,partial,not_targeted,
236007,236,Lucian,Heartseeker Lucian,skin,outside_date_window,,,too_old,xCfXQvrIMuI,partial,partial,https://www.youtube.com/@SkinSpotlights/search?query=Heartseeker%20Lucian
236008,236,Lucian,High Noon Lucian,skin,outside_date_window,,,too_old,dXsTAfgG7nU,partial,not_targeted,
236009,236,Lucian,Demacia Vice Lucian,skin,outside_date_window,,,too_old,_x9W7T39OBQ,partial,not_targeted,
236018,236,Lucian,Pulsefire Lucian,skin,referenced,LpaUN2Duijc,2020-05-10,chapters_omitted,LpaUN2Duijc,partial,not_targeted,
236019,236,Lucian,Prestige Pulsefire Lucian,skin,referenced,T5sIdBO6p4A,2020-05-10,chapters_omitted,T5sIdBO6p4A,partial,not_targeted,
236025,236,Lucian,Victorious Lucian,skin,referenced,mQ_4992HEHk,2020-11-09,chapters_omitted,mQ_4992HEHk,partial,not_targeted,
236031,236,Lucian,Arcana Lucian,skin,referenced,oQK8n12Zh4E,2021-05-10,chapters_omitted,oQK8n12Zh4E,partial,not_targeted,
236040,236,Lucian,Strike Paladin Lucian,skin,referenced,L9Ow6n2xQ8g,2022-08-21,chapters_omitted,L9Ow6n2xQ8g,partial,not_targeted,
236052,236,Lucian,Winterblessed Lucian,skin,referenced,IEm5g7PtF6A,2023-12-03,chapters_omitted,IEm5g7PtF6A,partial,not_targeted,
236062,236,Lucian,Masked Justice Lucian,skin,referenced,YYKbfZPIfN4,2025-02-16,chapters_omitted,YYKbfZPIfN4,partial,not_targeted,
236072,236,Lucian,Sunken Shadows Lucian,skin,referenced,C-DamGLRVlk,2025-11-30,chapters_omitted,C-DamGLRVlk,partial,not_targeted,
117001,117,Lulu,Bittersweet Lulu,skin,search_incomplete,,,,,partial,partial,https://www.youtube.com/@SkinSpotlights/search?query=Bittersweet%20Lulu
117002,117,Lulu,Wicked Lulu,skin,search_incomplete,,,,,partial,partial,https://www.youtube.com/@SkinSpotlights/search?query=Wicked%20Lulu
117003,117,Lulu,Dragon Trainer Lulu,skin,search_incomplete,,,,,partial,partial,https://www.youtube.com/@SkinSpotlights/search?query=Dragon%20Trainer%20Lulu
117004,117,Lulu,Winter Wonder Lulu,skin,search_incomplete,,,,,partial,partial,https://www.youtube.com/@SkinSpotlights/search?query=Winter%20Wonder%20Lulu
117005,117,Lulu,Pool Party Lulu,skin,outside_date_window,,,too_old,LtDc4tVm3jE,partial,not_targeted,
117006,117,Lulu,Star Guardian Lulu,skin,outside_date_window,,,too_old,XHkslQIcdKo,partial,not_targeted,
117014,117,Lulu,Cosmic Enchantress Lulu,skin,outside_date_window,,,too_old,UQ3YHz75Xuw,partial,partial,https://www.youtube.com/@SkinSpotlights/search?query=Cosmic%20Enchantress%20Lulu
117015,117,Lulu,Pajama Guardian Lulu,skin,outside_date_window,,,too_old,MdhdftJTcRo,partial,not_targeted,
117026,117,Lulu,Space Groove Lulu,skin,referenced,qM6kHFZ2W0k,2021-03-28,chapters_omitted,qM6kHFZ2W0k,partial,partial,https://www.youtube.com/@SkinSpotlights/search?query=Space%20Groove%20Lulu
117027,117,Lulu,Prestige Space Groove Lulu,skin,referenced,BfkTVgmpBM8,2021-03-28,chapters_omitted,BfkTVgmpBM8,partial,partial,https://www.youtube.com/@SkinSpotlights/search?query=Prestige%20Space%20Groove%20Lulu
117037,117,Lulu,Monster Tamer Lulu,skin,referenced,vQ6t5ujtL5M,2022-08-07,chapters_omitted,vQ6t5ujtL5M,partial,not_targeted,
117046,117,Lulu,Cafe Cuties Lulu,skin,referenced,kGPiemTMGzI,2023-10-22,chapters_omitted,kGPiemTMGzI,partial,not_targeted,
117055,117,Lulu,Arcana Lulu,skin,referenced,jZIzeTmpYtA,2025-08-24,chapters_omitted,jZIzeTmpYtA,partial,not_targeted,
117056,117,Lulu,Faerie Court Lulu,skin,referenced,b7EZbSGwYTQ,2026-08-09,chapters_omitted,b7EZbSGwYTQ,partial,not_targeted,
99001,99,Lux,Sorceress Lux,skin,search_incomplete,,,,,partial,partial,https://www.youtube.com/@SkinSpotlights/search?query=Sorceress%20Lux
99002,99,Lux,Spellthief Lux,skin,search_incomplete,,,,,partial,partial,https://www.youtube.com/@SkinSpotlights/search?query=Spellthief%20Lux
99003,99,Lux,Commando Lux,skin,search_incomplete,,,,,partial,partial,https://www.youtube.com/@SkinSpotlights/search?query=Commando%20Lux
99004,99,Lux,Imperial Lux,skin,search_incomplete,,,,,partial,partial,https://www.youtube.com/@SkinSpotlights/search?query=Imperial%20Lux
99005,99,Lux,Steel Legion Lux,skin,search_incomplete,,,,,partial,partial,https://www.youtube.com/@SkinSpotlights/search?query=Steel%20Legion%20Lux
99006,99,Lux,Star Guardian Lux,skin,outside_date_window,,,too_old,MZLRBjOAmkY,partial,partial,https://www.youtube.com/@SkinSpotlights/search?query=Star%20Guardian%20Lux
99007,99,Lux,Elementalist Lux,skin,search_incomplete,,,,,partial,partial,https://www.youtube.com/@SkinSpotlights/search?query=Elementalist%20Lux
99008,99,Lux,Lunar Empress Lux,skin,outside_date_window,,,too_old,aQ-BErLhAoI,partial,partial,https://www.youtube.com/@SkinSpotlights/search?query=Lunar%20Empress%20Lux
99014,99,Lux,Pajama Guardian Lux,skin,outside_date_window,,,too_old,JXASZnneeyo,partial,partial,https://www.youtube.com/@SkinSpotlights/search?query=Pajama%20Guardian%20Lux
99015,99,Lux,Battle Academia Lux,skin,outside_date_window,,,too_old,msiYY9e7oKM,partial,not_targeted,
99016,99,Lux,Prestige Battle Academia Lux,skin,outside_date_window,,,too_old,Rv4IZ3a9KpA,partial,partial,https://www.youtube.com/@SkinSpotlights/search?query=Prestige%20Battle%20Academia%20Lux
99017,99,Lux,Dark Cosmic Lux,skin,referenced,ZE5GFeUs_Ug,2020-03-15,chapters_omitted,ZE5GFeUs_Ug,partial,not_targeted,
99018,99,Lux,Cosmic Lux,skin,referenced,-0WhdNf8vNU,2020-03-15,chapters_omitted,-0WhdNf8vNU,partial,partial,https://www.youtube.com/@SkinSpotlights/search?query=Cosmic%20Lux
99019,99,Lux,Space Groove Lux,skin,referenced,khEBkz6A0oQ,2021-03-28,chapters_omitted,khEBkz6A0oQ,partial,partial,https://www.youtube.com/@SkinSpotlights/search?query=Space%20Groove%20Lux
99029,99,Lux,Porcelain Lux,skin,referenced,xCV41Au-oqo,2022-01-26,chapters_omitted,xCV41Au-oqo,partial,partial,https://www.youtube.com/@SkinSpotlights/search?query=Porcelain%20Lux
99038,99,Lux,Soul Fighter Lux,skin,referenced,h1HZH7J3VS8,2023-07-14,chapters_omitted,h1HZH7J3VS8,partial,partial,https://www.youtube.com/@SkinSpotlights/search?query=Soul%20Fighter%20Lux
99039,99,Lux,Prestige Battle Academia Lux (2022),skin,search_incomplete,,,,,partial,partial,https://www.youtube.com/@SkinSpotlights/search?query=Prestige%20Battle%20Academia%20Lux%20%282022%29
99040,99,Lux,Prestige Porcelain Lux,skin,referenced,GrSbJOWpidE,2022-01-26,chapters_omitted,GrSbJOWpidE,partial,not_targeted,
99042,99,Lux,Empyrean Lux,skin,referenced,H-5bSba6YiA,2022-10-30,chapters_omitted,H-5bSba6YiA,partial,not_targeted,
99061,99,Lux,Faerie Court Lux,skin,referenced,ojxB5v5rG84,2024-05-12,chapters_omitted,ojxB5v5rG84,partial,not_targeted,
99070,99,Lux,Prestige Spirit Blossom Lux,skin,referenced,2QWoYTlEOvw,2025-04-27,chapters_omitted,2QWoYTlEOvw,partial,not_targeted,
99072,99,Lux,Panda Pal Lux,skin,referenced,4VpFzQRYSAM,2025-11-02,chapters_omitted,4VpFzQRYSAM,partial,not_targeted,
54001,54,Malphite,Shamrock Malphite,skin,search_incomplete,,,,,partial,partial,https://www.youtube.com/@SkinSpotlights/search?query=Shamrock%20Malphite
54002,54,Malphite,Coral Reef Malphite,skin,search_incomplete,,,,,partial,partial,https://www.youtube.com/@SkinSpotlights/search?query=Coral%20Reef%20Malphite
54003,54,Malphite,Marble Malphite,skin,search_incomplete,,,,,partial,partial,https://www.youtube.com/@SkinSpotlights/search?query=Marble%20Malphite
54004,54,Malphite,Obsidian Malphite,skin,search_incomplete,,,,,partial,partial,https://www.youtube.com/@SkinSpotlights/search?query=Obsidian%20Malphite
54005,54,Malphite,Glacial Malphite,skin,search_incomplete,,,,,partial,partial,https://www.youtube.com/@SkinSpotlights/search?query=Glacial%20Malphite
54006,54,Malphite,Mecha Malphite,skin,search_incomplete,,,,,partial,partial,https://www.youtube.com/@SkinSpotlights/search?query=Mecha%20Malphite
54007,54,Malphite,Ironside Malphite,skin,outside_date_window,,,too_old,K65IGv4ikwQ,partial,not_targeted,
54016,54,Malphite,Odyssey Malphite,skin,outside_date_window,,,too_old,T4ovn1VXmhk,partial,not_targeted,
54023,54,Malphite,Dark Star Malphite,skin,referenced,gBPBvnvPr0g,2020-03-15,chapters_omitted,gBPBvnvPr0g,partial,not_targeted,
54024,54,Malphite,Prestige Dark Star Malphite,skin,referenced,r_B24OFU3I4,2020-03-15,chapters_omitted,r_B24OFU3I4,partial,not_targeted,
54025,54,Malphite,FPX Malphite,skin,referenced,AfolFI_6RLM,2020-04-26,chapters_omitted,AfolFI_6RLM,partial,not_targeted,
54027,54,Malphite,Old God Malphite,skin,search_incomplete,,,,,partial,partial,https://www.youtube.com/@SkinSpotlights/search?query=Old%20God%20Malphite
54037,54,Malphite,Lunar Guardian Malphite,skin,referenced,vKubwBBAoqA,2023-01-07,chapters_omitted,vKubwBBAoqA,partial,not_targeted,
54048,54,Malphite,Pool Party Malphite,skin,referenced,tEnRcDPUah4,2025-03-29,chapters_omitted,tEnRcDPUah4,partial,not_targeted,
90001,90,Malzahar,Vizier Malzahar,skin,outside_date_window,,,too_old,-j4u9hfUB78,partial,not_targeted,
90002,90,Malzahar,Shadow Prince Malzahar,skin,outside_date_window,,,too_old,Lfkq2yUvEGg,partial,not_targeted,
90003,90,Malzahar,Djinn Malzahar,skin,outside_date_window,,,too_old,GSciJ3sVxsw,partial,not_targeted,
90004,90,Malzahar,Overlord Malzahar,skin,outside_date_window,,,too_old,h-ZqzAJ-ZVQ,partial,not_targeted,
90005,90,Malzahar,Snow Day Malzahar,skin,outside_date_window,,,too_old,6JzLHbk4nCs,partial,not_targeted,
90006,90,Malzahar,Battle Boss Malzahar,skin,outside_date_window,,,too_old,SO5WT9MSavI,partial,not_targeted,
90007,90,Malzahar,Hextech Malzahar,skin,outside_date_window,,,too_old,5aavvWJJnhU,partial,not_targeted,
90009,90,Malzahar,Worldbreaker Malzahar,skin,referenced,_B9LN82EtnM,2020-03-30,chapters_omitted,_B9LN82EtnM,partial,not_targeted,
90018,90,Malzahar,Beezahar,skin,referenced,YW8SGdjHm5g,2021-02-28,chapters_omitted,YW8SGdjHm5g,partial,partial,https://www.youtube.com/@SkinSpotlights/search?query=Beezahar
90028,90,Malzahar,Debonair Malzahar,skin,referenced,6OGDTttEZNQ,2021-12-05,chapters_omitted,6OGDTttEZNQ,partial,not_targeted,
90038,90,Malzahar,Three Honors Malzahar,skin,referenced,gJCJ8zFfSxI,2022-10-15,chapters_omitted,gJCJ8zFfSxI,partial,not_targeted,
90039,90,Malzahar,Empyrean Malzahar,skin,referenced,qiyiKm6k1rQ,2024-04-28,chapters_omitted,qiyiKm6k1rQ,partial,not_targeted,
90049,90,Malzahar,Fatebreaker Malzahar,skin,referenced,EBrg9Bz9o3E,2025-04-12,chapters_omitted,EBrg9Bz9o3E,partial,not_targeted,
57001,57,Maokai,Charred Maokai,skin,search_incomplete,,,,,partial,partial,https://www.youtube.com/@SkinSpotlights/search?query=Charred%20Maokai
57002,57,Maokai,Totemic Maokai,skin,search_incomplete,,,,,partial,partial,https://www.youtube.com/@SkinSpotlights/search?query=Totemic%20Maokai
57003,57,Maokai,Festive Maokai,skin,search_incomplete,,,,,partial,partial,https://www.youtube.com/@SkinSpotlights/search?query=Festive%20Maokai
57004,57,Maokai,Haunted Maokai,skin,search_incomplete,,,,,partial,partial,https://www.youtube.com/@SkinSpotlights/search?query=Haunted%20Maokai
57005,57,Maokai,Goalkeeper Maokai,skin,search_incomplete,,,,,partial,partial,https://www.youtube.com/@SkinSpotlights/search?query=Goalkeeper%20Maokai
57006,57,Maokai,Meowkai,skin,search_incomplete,,,,,partial,partial,https://www.youtube.com/@SkinSpotlights/search?query=Meowkai
57007,57,Maokai,Victorious Maokai,skin,search_incomplete,,,,,partial,partial,https://www.youtube.com/@SkinSpotlights/search?query=Victorious%20Maokai
57016,57,Maokai,Worldbreaker Maokai,skin,referenced,F-79c8xdu8M,2020-03-30,chapters_omitted,F-79c8xdu8M,partial,not_targeted,
57024,57,Maokai,Astronaut Maokai,skin,referenced,rL1CvCwCi18,2021-06-21,chapters_omitted,rL1CvCwCi18,partial,not_targeted,
57033,57,Maokai,DRX Maokai,skin,referenced,ey6mt-9rPKE,2023-05-29,chapters_omitted,ey6mt-9rPKE,partial,not_targeted,
57035,57,Maokai,Corrupted Petricite Maokai,skin,referenced,Vqmi1vsw-Es,2026-03-01,chapters_omitted,Vqmi1vsw-Es,partial,not_targeted,
11001,11,MasterYi,Assassin Master Yi,skin,search_incomplete,,,,,partial,partial,https://www.youtube.com/@SkinSpotlights/search?query=Assassin%20Master%20Yi
11002,11,MasterYi,Chosen Master Yi,skin,search_incomplete,,,,,partial,partial,https://www.youtube.com/@SkinSpotlights/search?query=Chosen%20Master%20Yi
11003,11,MasterYi,Ionia Master Yi,skin,search_incomplete,,,,,partial,partial,https://www.youtube.com/@SkinSpotlights/search?query=Ionia%20Master%20Yi
11004,11,MasterYi,Samurai Yi,skin,search_incomplete,,,,,partial,partial,https://www.youtube.com/@SkinSpotlights/search?query=Samurai%20Yi
11005,11,MasterYi,Headhunter Master Yi,skin,search_incomplete,,,,,partial,partial,https://www.youtube.com/@SkinSpotlights/search?query=Headhunter%20Master%20Yi
11009,11,MasterYi,PROJECT: Yi,skin,outside_date_window,,,too_old,qAU-3SxKjg8,partial,not_targeted,
11010,11,MasterYi,Cosmic Blade Master Yi,skin,outside_date_window,,,too_old,N_h9ioKuTHI,partial,not_targeted,
11011,11,MasterYi,Eternal Sword Yi,skin,search_incomplete,,,,,partial,partial,https://www.youtube.com/@SkinSpotlights/search?query=Eternal%20Sword%20Yi
11017,11,MasterYi,Snow Man Yi,skin,outside_date_window,,,too_old,y8YBPUjX4R0,partial,partial,https://www.youtube.com/@SkinSpotlights/search?query=Snow%20Man%20Yi
11024,11,MasterYi,Blood Moon Master Yi,skin,referenced,k7oD1upg-z4,2020-02-18,chapters_omitted,k7oD1upg-z4,partial,not_targeted,
11033,11,MasterYi,PsyOps Master Yi,skin,referenced,bHiyDr6HjjY,2020-09-04,chapters_omitted,bHiyDr6HjjY,partial,not_targeted,
11042,11,MasterYi,Debonair Master Yi,skin,referenced,MW9tQmsEj5o,2021-12-05,chapters_omitted,MW9tQmsEj5o,partial,not_targeted,
11052,11,MasterYi,Spirit Blossom Master Yi,skin,search_incomplete,,,,,partial,partial,https://www.youtube.com/@SkinSpotlights/search?query=Spirit%20Blossom%20Master%20Yi
11053,11,MasterYi,Prestige Spirit Blossom Master Yi,skin,search_incomplete,,,,,partial,partial,https://www.youtube.com/@SkinSpotlights/search?query=Prestige%20Spirit%20Blossom%20Master%20Yi
11089,11,MasterYi,Inkshadow Master Yi,skin,search_incomplete,,,,,partial,partial,https://www.youtube.com/@SkinSpotlights/search?query=Inkshadow%20Master%20Yi
11096,11,MasterYi,Heavenscale Master Yi,skin,search_incomplete,,,,,partial,partial,https://www.youtube.com/@SkinSpotlights/search?query=Heavenscale%20Master%20Yi
11106,11,MasterYi,Victorious Master Yi,skin,referenced,cMtjl27fNhk,2025-01-05,chapters_omitted,cMtjl27fNhk,partial,not_targeted,
11116,11,MasterYi,PROJECT: Command Line Yi,skin,referenced,dGP2AdSFRyA,2026-04-12,chapters_omitted,dGP2AdSFRyA,partial,not_targeted,
800001,800,Mel,Arcane Councilor Mel,skin,referenced,plLjOic8aG0,2025-01-19,chapters_omitted,plLjOic8aG0,partial,not_targeted,
800010,800,Mel,Prestige Winterblessed Mel,skin,referenced,eo6EVW-bByM,2025-11-30,chapters_omitted,eo6EVW-bByM,partial,not_targeted,
800012,800,Mel,Coven Mel,skin,referenced,pD7eTVuzhJU,2026-09-20,chapters_omitted,pD7eTVuzhJU,partial,not_targeted,
902001,902,Milio,Faerie Court Milio,skin,referenced,0zCZ14HHo8I,2023-03-19,chapters_omitted,0zCZ14HHo8I,partial,not_targeted,
902011,902,Milio,Rain Shepherd Milio,skin,referenced,9H3l8GnOj2Y,2024-06-23,chapters_omitted,9H3l8GnOj2Y,partial,not_targeted,
902020,902,Milio,Winter Wonder Milio,skin,referenced,EvvuNIkgc7s,2025-11-30,chapters_omitted,EvvuNIkgc7s,partial,not_targeted,
21001,21,MissFortune,Cowgirl Miss Fortune,skin,needs_review,,,before_visual_update,AboxKeLHyw4,partial,partial,https://www.youtube.com/@SkinSpotlights/search?query=Cowgirl%20Miss%20Fortune
21002,21,MissFortune,Waterloo Miss Fortune,skin,needs_review,,,before_visual_update,Jpl5tCd7cDE,partial,partial,https://www.youtube.com/@SkinSpotlights/search?query=Waterloo%20Miss%20Fortune
21003,21,MissFortune,Secret Agent Miss Fortune,skin,needs_review,,,before_visual_update,fF5dXwdl4uk,partial,partial,https://www.youtube.com/@SkinSpotlights/search?query=Secret%20Agent%20Miss%20Fortune
21004,21,MissFortune,Candy Cane Miss Fortune,skin,needs_review,,,before_visual_update,8QFTpxIFVsg,partial,partial,https://www.youtube.com/@SkinSpotlights/search?query=Candy%20Cane%20Miss%20Fortune
21005,21,MissFortune,Road Warrior Miss Fortune,skin,needs_review,,,before_visual_update,xo5rKRwtHlA,partial,partial,https://www.youtube.com/@SkinSpotlights/search?query=Road%20Warrior%20Miss%20Fortune
21006,21,MissFortune,Crime City Miss Fortune,skin,needs_review,,,before_visual_update,tHkkOgKVOn0,partial,partial,https://www.youtube.com/@SkinSpotlights/search?query=Crime%20City%20Miss%20Fortune
21007,21,MissFortune,Arcade Miss Fortune,skin,search_incomplete,,,,,partial,partial,https://www.youtube.com/@SkinSpotlights/search?query=Arcade%20Miss%20Fortune
21008,21,MissFortune,Captain Fortune,skin,needs_review,,,before_visual_update,KAQZaGEdCKo,partial,partial,https://www.youtube.com/@SkinSpotlights/search?query=Captain%20Fortune
21009,21,MissFortune,Pool Party Miss Fortune,skin,needs_review,,,before_visual_update | too_old,GZKK5aQ9xao | WeLT4Ajj_TM,partial,partial,https://www.youtube.com/@SkinSpotlights/search?query=Pool%20Party%20Miss%20Fortune
21015,21,MissFortune,Star Guardian Miss Fortune,skin,outside_date_window,,,too_old,S8JcVgWshq4,partial,partial,https://www.youtube.com/@SkinSpotlights/search?query=Star%20Guardian%20Miss%20Fortune
21016,21,MissFortune,Gun Goddess Miss Fortune,skin,outside_date_window,,,too_old,xlm6Qpfa5sg,partial,not_targeted,
21017,21,MissFortune,Pajama Guardian Miss Fortune,skin,outside_date_window,,,too_old,p9OHRjU4im8,partial,partial,https://www.youtube.com/@SkinSpotlights/search?query=Pajama%20Guardian%20Miss%20Fortune
21018,21,MissFortune,Bewitching Miss Fortune,skin,needs_review,,,before_visual_update,7KxR-I0SM30,partial,partial,https://www.youtube.com/@SkinSpotlights/search?query=Bewitching%20Miss%20Fortune
21020,21,MissFortune,Prestige Bewitching Miss Fortune,skin,needs_review,,,before_visual_update,N4z1zJZ-TwA,partial,partial,https://www.youtube.com/@SkinSpotlights/search?query=Prestige%20Bewitching%20Miss%20Fortune
21021,21,MissFortune,Ruined Miss Fortune,skin,needs_review,,,before_visual_update,TN-EdiIg4G4,partial,partial,https://www.youtube.com/@SkinSpotlights/search?query=Ruined%20Miss%20Fortune
21031,21,MissFortune,Battle Bunny Miss Fortune,skin,needs_review,,,before_visual_update,pAs1f-o25WA,partial,partial,https://www.youtube.com/@SkinSpotlights/search?query=Battle%20Bunny%20Miss%20Fortune
21032,21,MissFortune,Admiral Battle Bunny Miss Fortune,skin,needs_review,,,before_visual_update,dr4SympuojM,partial,partial,https://www.youtube.com/@SkinSpotlights/search?query=Admiral%20Battle%20Bunny%20Miss%20Fortune
21033,21,MissFortune,Prestige Bewitching Miss Fortune (2022),skin,search_incomplete,,,,,partial,partial,https://www.youtube.com/@SkinSpotlights/search?query=Prestige%20Bewitching%20Miss%20Fortune%20%282022%29
21040,21,MissFortune,Broken Covenant Miss Fortune,skin,needs_review,,,before_visual_update,3Bp9oIwfjRc,partial,partial,https://www.youtube.com/@SkinSpotlights/search?query=Broken%20Covenant%20Miss%20Fortune
21041,21,MissFortune,Prestige Broken Covenant Miss Fortune,skin,needs_review,,,before_visual_update,M4VwF2MIfiU,partial,partial,https://www.youtube.com/@SkinSpotlights/search?query=Prestige%20Broken%20Covenant%20Miss%20Fortune
21050,21,MissFortune,Porcelain Miss Fortune,skin,needs_review,,,before_visual_update,kJFYJmFwExI,partial,partial,https://www.youtube.com/@SkinSpotlights/search?query=Porcelain%20Miss%20Fortune
21060,21,MissFortune,Battle Queen Miss Fortune,skin,needs_review,,,before_visual_update,hVRRjmFgpYg,partial,partial,https://www.youtube.com/@SkinSpotlights/search?query=Battle%20Queen%20Miss%20Fortune
21069,21,MissFortune,MVP T1 Miss Fortune,skin,referenced,a5XsbttGZgs,2026-07-10,chapters_omitted,a5XsbttGZgs,partial,not_targeted,
62001,62,MonkeyKing,Volcanic Wukong,skin,search_incomplete,,,,,partial,partial,https://www.youtube.com/@SkinSpotlights/search?query=Volcanic%20Wukong
62002,62,MonkeyKing,General Wukong,skin,search_incomplete,,,,,partial,partial,https://www.youtube.com/@SkinSpotlights/search?query=General%20Wukong
62003,62,MonkeyKing,Jade Dragon Wukong,skin,search_incomplete,,,,,partial,partial,https://www.youtube.com/@SkinSpotlights/search?query=Jade%20Dragon%20Wukong
62004,62,MonkeyKing,Underworld Wukong,skin,search_incomplete,,,,,partial,partial,https://www.youtube.com/@SkinSpotlights/search?query=Underworld%20Wukong
62005,62,MonkeyKing,Radiant Wukong,skin,outside_date_window,,,too_old,ClWXwUKOfso,partial,not_targeted,
62006,62,MonkeyKing,Lancer Stratus Wukong,skin,outside_date_window,,,too_old,Gi1C4-odG68,partial,not_targeted,
62007,62,MonkeyKing,Battle Academia Wukong,skin,referenced,tTw1Dnlf9S4,2021-03-15,chapters_omitted,tTw1Dnlf9S4,partial,not_targeted,
62016,62,MonkeyKing,Elderwood Wukong,skin,referenced,i9luVJr1DMQ,2023-06-25,chapters_omitted,i9luVJr1DMQ,partial,not_targeted,
62026,62,MonkeyKing,Mecha Kingdoms Wukong,skin,referenced,3FF4rqTm6es,2025-11-02,chapters_omitted,3FF4rqTm6es,partial,not_targeted,
82001,82,Mordekaiser,Dragon Knight Mordekaiser,skin,search_incomplete,,,,,partial,partial,https://www.youtube.com/@SkinSpotlights/search?query=Dragon%20Knight%20Mordekaiser
82002,82,Mordekaiser,Infernal Mordekaiser,skin,search_incomplete,,,,,partial,partial,https://www.youtube.com/@SkinSpotlights/search?query=Infernal%20Mordekaiser
82003,82,Mordekaiser,Pentakill Mordekaiser,skin,search_incomplete,,,,,partial,partial,https://www.youtube.com/@SkinSpotlights/search?query=Pentakill%20Mordekaiser
82004,82,Mordekaiser,Lord Mordekaiser,skin,search_incomplete,,,,,partial,partial,https://www.youtube.com/@SkinSpotlights/search?query=Lord%20Mordekaiser
82005,82,Mordekaiser,King of Clubs Mordekaiser,skin,search_incomplete,,,,,partial,partial,https://www.youtube.com/@SkinSpotlights/search?query=King%20of%20Clubs%20Mordekaiser
82006,82,Mordekaiser,Dark Star Mordekaiser,skin,needs_review,,,before_visual_update,68gUyt7mZ1M,partial,partial,https://www.youtube.com/@SkinSpotlights/search?query=Dark%20Star%20Mordekaiser
82013,82,Mordekaiser,PROJECT: Mordekaiser,skin,needs_review,,,before_visual_update,jv8t4nM6qsc,partial,partial,https://www.youtube.com/@SkinSpotlights/search?query=PROJECT%3A%20Mordekaiser
82023,82,Mordekaiser,Pentakill III: Lost Chapter Mordekaiser,skin,needs_review,,,before_visual_update,sK_UV7vEE9c,partial,partial,https://www.youtube.com/@SkinSpotlights/search?query=Pentakill%20III%3A%20Lost%20Chapter%20Mordekaiser
82032,82,Mordekaiser,High Noon Mordekaiser,skin,needs_review,,,before_visual_update,xNzMpMplfHI,partial,partial,https://www.youtube.com/@SkinSpotlights/search?query=High%20Noon%20Mordekaiser
82042,82,Mordekaiser,Ashen Graveknight Mordekaiser,skin,needs_review,,,before_visual_update,4_6spzmi128,partial,partial,https://www.youtube.com/@SkinSpotlights/search?query=Ashen%20Graveknight%20Mordekaiser
82044,82,Mordekaiser,Old God Mordekaiser,skin,search_incomplete,,,,,partial,partial,https://www.youtube.com/@SkinSpotlights/search?query=Old%20God%20Mordekaiser
82054,82,Mordekaiser,Sahn-Uzal Mordekaiser,skin,needs_review,,,before_visual_update,vEJ3z2QqKf8,partial,partial,https://www.youtube.com/@SkinSpotlights/search?query=Sahn-Uzal%20Mordekaiser
82055,82,Mordekaiser,Prestige Money Miser Mordekaiser,skin,referenced,MNL63UA9Xic,2026-03-29,chapters_omitted,MNL63UA9Xic,partial,not_targeted,
25001,25,Morgana,Exiled Morgana,skin,search_incomplete,,,,,partial,partial,https://www.youtube.com/@SkinSpotlights/search?query=Exiled%20Morgana
25002,25,Morgana,Sinful Succulence Morgana,skin,search_incomplete,,,,,partial,partial,https://www.youtube.com/@SkinSpotlights/search?query=Sinful%20Succulence%20Morgana
25003,25,Morgana,Blade Mistress Morgana,skin,search_incomplete,,,,,partial,partial,https://www.youtube.com/@SkinSpotlights/search?query=Blade%20Mistress%20Morgana
25004,25,Morgana,Blackthorn Morgana,skin,search_incomplete,,,,,partial,partial,https://www.youtube.com/@SkinSpotlights/search?query=Blackthorn%20Morgana
25005,25,Morgana,Ghost Bride Morgana,skin,search_incomplete,,,,,partial,partial,https://www.youtube.com/@SkinSpotlights/search?query=Ghost%20Bride%20Morgana
25006,25,Morgana,Victorious Morgana,skin,search_incomplete,,,,,partial,partial,https://www.youtube.com/@SkinSpotlights/search?query=Victorious%20Morgana
25010,25,Morgana,Lunar Wraith Morgana,skin,outside_date_window,,,too_old,_T2yQb38hyQ,partial,not_targeted,
25011,25,Morgana,Bewitching Morgana,skin,outside_date_window,,,too_old,7urngkHVxSQ,partial,partial,https://www.youtube.com/@SkinSpotlights/search?query=Bewitching%20Morgana
25017,25,Morgana,Majestic Empress Morgana,skin,outside_date_window,,,too_old,24HYsjy6ylg,partial,partial,https://www.youtube.com/@SkinSpotlights/search?query=Majestic%20Empress%20Morgana
25026,25,Morgana,Coven Morgana,skin,referenced,bNP_TIFzWto,2020-04-13,chapters_omitted,bNP_TIFzWto,partial,not_targeted,
25039,25,Morgana,Dawnbringer Morgana,skin,referenced,WoREpFrZLpo,2021-09-20,chapters_omitted,WoREpFrZLpo,partial,partial,https://www.youtube.com/@SkinSpotlights/search?query=Dawnbringer%20Morgana
25041,25,Morgana,Prestige Bewitching Morgana,skin,referenced,be7L4MhNlow,2021-10-04,chapters_omitted,be7L4MhNlow,partial,partial,https://www.youtube.com/@SkinSpotlights/search?query=Prestige%20Bewitching%20Morgana
25050,25,Morgana,Star Nemesis Morgana,skin,search_incomplete,,,,,partial,partial,https://www.youtube.com/@SkinSpotlights/search?query=Star%20Nemesis%20Morgana
25060,25,Morgana,Snow Moon Morgana,skin,referenced,iO-3phWySvI,2023-05-14,chapters_omitted,iO-3phWySvI,partial,not_targeted,
25070,25,Morgana,Porcelain Morgana,skin,referenced,csULNmHORVM,2024-02-27,chapters_omitted,csULNmHORVM,partial,not_targeted,
25080,25,Morgana,Spirit Blossom Morgana,skin,referenced,fUxR4mk6vHg,2025-06-22,chapters_omitted,fUxR4mk6vHg,partial,not_targeted,
25081,25,Morgana,Prestige Veiled Lady Morgana,skin,referenced,RUTWG_714hE,2026-01-05,chapters_omitted,RUTWG_714hE,partial,not_targeted,
950001,950,Naafiri,Soul Fighter Naafiri,skin,referenced,UCmlE-QUAbA,2025-03-16,chapters_omitted,UCmlE-QUAbA | fOGw4XfA9is,partial,not_targeted,
950011,950,Naafiri,PROJECT: Naafiri,skin,referenced,DRDbmePWTBQ,2025-03-16,chapters_omitted,DRDbmePWTBQ | vd0ZOgcgZyw,partial,not_targeted,
950020,950,Naafiri,Glizzy Naafiri,skin,referenced,9ub8EEUqHyk,2025-03-29,chapters_omitted,9ub8EEUqHyk,partial,not_targeted,
950029,950,Naafiri,Warhound Naafiri,skin,referenced,BjWM3a4ZIQ0,2026-03-15,chapters_omitted,BjWM3a4ZIQ0,partial,not_targeted,
267001,267,Nami,Koi Nami,skin,search_incomplete,,,,,partial,partial,https://www.youtube.com/@SkinSpotlights/search?query=Koi%20Nami
267002,267,Nami,River Spirit Nami,skin,search_incomplete,,,,,partial,partial,https://www.youtube.com/@SkinSpotlights/search?query=River%20Spirit%20Nami
267003,267,Nami,Urf the Nami-tee,skin,outside_date_window,,,too_old,wfC001WczEc,partial,partial,https://www.youtube.com/@SkinSpotlights/search?query=Urf%20the%20Nami-tee
267007,267,Nami,Deep Sea Nami,skin,outside_date_window,,,too_old,BqdwZuYqgI4,partial,not_targeted,
267008,267,Nami,SKT T1 Nami,skin,outside_date_window,,,too_old,tqvtEfzubrE,partial,not_targeted,
267009,267,Nami,Program Nami,skin,outside_date_window,,,too_old,nc9J-c1aN7Y,partial,not_targeted,
267015,267,Nami,Splendid Staff Nami,skin,outside_date_window,,,too_old,E2rmgbaYFvw,partial,partial,https://www.youtube.com/@SkinSpotlights/search?query=Splendid%20Staff%20Nami
267024,267,Nami,Cosmic Destiny Nami,skin,referenced,YIkH3V1PGZU,2020-11-22,chapters_omitted,YIkH3V1PGZU,partial,partial,https://www.youtube.com/@SkinSpotlights/search?query=Cosmic%20Destiny%20Nami
267032,267,Nami,Bewitching Nami,skin,referenced,wl5yeu50Tyo,2021-10-04,chapters_omitted,wl5yeu50Tyo,partial,not_targeted,
267041,267,Nami,Space Groove Nami,skin,referenced,OMIIrZmofXU,2022-11-13,chapters_omitted,OMIIrZmofXU,partial,not_targeted,
267042,267,Nami,Prestige Space Groove Nami,skin,referenced,s1RH-qcr5xM,2022-11-13,chapters_omitted,s1RH-qcr5xM,partial,not_targeted,
267051,267,Nami,Coven Nami,skin,referenced,TZIGsR8jSG8,2023-10-08,chapters_omitted,TZIGsR8jSG8,partial,not_targeted,
267058,267,Nami,Mythmaker Nami,skin,referenced,CQxxMjez97Y,2025-01-19,chapters_omitted,CQxxMjez97Y,partial,not_targeted,
267068,267,Nami,Sunken Shadows Nami,skin,referenced,_BJnAp9FOjo,2025-11-30,chapters_omitted,_BJnAp9FOjo,partial,not_targeted,
75001,75,Nasus,Galactic Nasus,skin,search_incomplete,,,,,partial,partial,https://www.youtube.com/@SkinSpotlights/search?query=Galactic%20Nasus
75002,75,Nasus,Pharaoh Nasus,skin,search_incomplete,,,,,partial,partial,https://www.youtube.com/@SkinSpotlights/search?query=Pharaoh%20Nasus
75003,75,Nasus,Dreadknight Nasus,skin,search_incomplete,,,,,partial,partial,https://www.youtube.com/@SkinSpotlights/search?query=Dreadknight%20Nasus
75004,75,Nasus,Riot K-9 Nasus,skin,search_incomplete,,,,,partial,partial,https://www.youtube.com/@SkinSpotlights/search?query=Riot%20K-9%20Nasus
75005,75,Nasus,Infernal Nasus,skin,search_incomplete,,,,,partial,partial,https://www.youtube.com/@SkinSpotlights/search?query=Infernal%20Nasus
75006,75,Nasus,Archduke Nasus,skin,outside_date_window,,,too_old,0kOIKd_EYQE,partial,not_targeted,
75010,75,Nasus,Worldbreaker Nasus,skin,outside_date_window,,,too_old,QL5XbOrXNOg,partial,partial,https://www.youtube.com/@SkinSpotlights/search?query=Worldbreaker%20Nasus
75011,75,Nasus,Lunar Guardian Nasus,skin,outside_date_window,,,too_old,cjjnuTaGxtE,partial,not_targeted,
75016,75,Nasus,Battlecast Nasus,skin,referenced,3Jk-vB6DNJQ,2020-11-09,chapters_omitted,3Jk-vB6DNJQ,partial,not_targeted,
75025,75,Nasus,Space Groove Nasus,skin,referenced,R69vdSbDNgo,2021-03-28,chapters_omitted,R69vdSbDNgo,partial,not_targeted,
75035,75,Nasus,Armored Titan Nasus,skin,referenced,BDKRkz5CKGU,2022-08-21,chapters_omitted,BDKRkz5CKGU,partial,not_targeted,
75045,75,Nasus,Nightbringer Nasus,skin,referenced,owX1oeVcERQ,2023-04-17,chapters_omitted,owX1oeVcERQ,partial,not_targeted,
75054,75,Nasus,Fatemaker Nasus,skin,referenced,RNhW4U9ynmg,2025-04-12,chapters_omitted,RNhW4U9ynmg,partial,not_targeted,
111001,111,Nautilus,Abyssal Nautilus,skin,search_incomplete,,,,,partial,partial,https://www.youtube.com/@SkinSpotlights/search?query=Abyssal%20Nautilus
111002,111,Nautilus,Subterranean Nautilus,skin,search_incomplete,,,,,partial,partial,https://www.youtube.com/@SkinSpotlights/search?query=Subterranean%20Nautilus
111003,111,Nautilus,AstroNautilus,skin,search_incomplete,,,,,partial,partial,https://www.youtube.com/@SkinSpotlights/search?query=AstroNautilus
111004,111,Nautilus,Warden Nautilus,skin,search_incomplete,,,,,partial,partial,https://www.youtube.com/@SkinSpotlights/search?query=Warden%20Nautilus
111005,111,Nautilus,Worldbreaker Nautilus,skin,outside_date_window,,,too_old,ESjzBK3ed7o,partial,partial,https://www.youtube.com/@SkinSpotlights/search?query=Worldbreaker%20Nautilus
111006,111,Nautilus,Conqueror Nautilus,skin,referenced,7ktOR3Fl_9g,2020-07-06,chapters_omitted,7ktOR3Fl_9g,partial,not_targeted,
111009,111,Nautilus,Shan Hai Scrolls Nautilus,skin,referenced,SmWiG3d868g,2021-01-18,chapters_omitted,SmWiG3d868g,partial,not_targeted,
111018,111,Nautilus,Fright Night Nautilus,skin,referenced,krcaC1Gsx80,2022-09-17,chapters_omitted,krcaC1Gsx80,partial,not_targeted,
111027,111,Nautilus,Cosmic Paladin Nautilus,skin,referenced,XFnedIegUU4,2023-08-27,chapters_omitted,XFnedIegUU4,partial,not_targeted,
111036,111,Nautilus,Crystalis Indomitus Nautilus,skin,referenced,yWo7IEeudms,2024-09-08,chapters_omitted,yWo7IEeudms,partial,not_targeted,
111039,111,Nautilus,Petricite Nautilus,skin,referenced,zjapY83LXA0,2026-01-05,chapters_omitted,zjapY83LXA0,partial,not_targeted,
518001,518,Neeko,Winter Wonder Neeko,skin,search_incomplete,,,,,partial,partial,https://www.youtube.com/@SkinSpotlights/search?query=Winter%20Wonder%20Neeko
518010,518,Neeko,Star Guardian Neeko,skin,outside_date_window,,,too_old,hUQk2myfIng,partial,not_targeted,
518011,518,Neeko,Prestige Star Guardian Neeko,skin,outside_date_window,,,too_old,FmZr6zyptJs,partial,not_targeted,
518012,518,Neeko,Shan Hai Scrolls Neeko,skin,referenced,2CSvo-p24cY,2021-01-18,chapters_omitted,2CSvo-p24cY,partial,not_targeted,
518021,518,Neeko,Prestige Star Guardian Neeko (2022),skin,search_incomplete,,,,,partial,partial,https://www.youtube.com/@SkinSpotlights/search?query=Prestige%20Star%20Guardian%20Neeko%20%282022%29
518022,518,Neeko,Bewitching Neeko,skin,referenced,DSa4VVJmMyk,2022-10-15,chapters_omitted,DSa4VVJmMyk,partial,not_targeted,
518031,518,Neeko,Street Demons Neeko,skin,referenced,onkDm2GZNQA,2023-09-10,chapters_omitted,onkDm2GZNQA,partial,not_targeted,
518040,518,Neeko,Cosplayer Neeko,skin,referenced,x7Kc8NQj4BI,2024-10-06,chapters_omitted,x7Kc8NQj4BI,partial,not_targeted,
518049,518,Neeko,Beeko,skin,referenced,3sRW5Ui0Xms,2025-10-19,chapters_omitted,3sRW5Ui0Xms,partial,not_targeted,
76001,76,Nidalee,Snow Bunny Nidalee,skin,referenced,N1z7JGvO0RY,2024-05-12,chapters_omitted,N1z7JGvO0RY,partial,not_targeted,
76002,76,Nidalee,Leopard Nidalee,skin,referenced,Vx99dWZ7Abc,2024-05-12,chapters_omitted,Vx99dWZ7Abc,partial,not_targeted,
76003,76,Nidalee,French Maid Nidalee,skin,referenced,AExZ6L-SfS8,2024-05-12,chapters_omitted,AExZ6L-SfS8,partial,not_targeted,
76004,76,Nidalee,Pharaoh Nidalee,skin,referenced,kRPDq5iAu40,2024-05-12,chapters_omitted,kRPDq5iAu40,partial,not_targeted,
76005,76,Nidalee,Bewitching Nidalee,skin,referenced,VAHBpE8MvSA,2024-05-12,chapters_omitted,VAHBpE8MvSA,partial,not_targeted,
76006,76,Nidalee,Headhunter Nidalee,skin,referenced,3aiYKYkIcBQ,2024-05-12,chapters_omitted,3aiYKYkIcBQ,partial,not_targeted,
76007,76,Nidalee,Warring Kingdoms Nidalee,skin,referenced,HeoyNamnHKs,2024-05-12,chapters_omitted | too_old,HeoyNamnHKs | npGktnOZsyw,partial,not_targeted,
76008,76,Nidalee,Challenger Nidalee,skin,referenced,lhhmOdfP52w,2024-05-12,chapters_omitted | too_old,U1YL8t8bwS8 | lhhmOdfP52w,partial,not_targeted,
76009,76,Nidalee,Super Galaxy Nidalee,skin,referenced,Qt1jEAoG_UU,2024-05-12,chapters_omitted | too_old,Qt1jEAoG_UU | cgXAY-BJUWM,partial,partial,https://www.youtube.com/@SkinSpotlights/search?query=Super%20Galaxy%20Nidalee
76011,76,Nidalee,Dawnbringer Nidalee,skin,referenced,msiV8k3YNbU,2019-12-08,chapters_omitted,msiV8k3YNbU,partial,partial,https://www.youtube.com/@SkinSpotlights/search?query=Dawnbringer%20Nidalee
76018,76,Nidalee,Cosmic Huntress Nidalee,skin,referenced,8UV3WyqY-yc,2020-11-22,chapters_omitted,8UV3WyqY-yc,partial,not_targeted,
76027,76,Nidalee,DWG Nidalee,skin,referenced,R5AQ_zEGIBY,2021-04-26,chapters_omitted,R5AQ_zEGIBY,partial,not_targeted,
76029,76,Nidalee,Ocean Song Nidalee,skin,referenced,5Jexyjxt4Xk,2022-06-05,chapters_omitted,5Jexyjxt4Xk,partial,partial,https://www.youtube.com/@SkinSpotlights/search?query=Ocean%20Song%20Nidalee
76039,76,Nidalee,Kittalee,skin,referenced,T3GQDWWiQuE,2023-04-03,chapters_omitted,T3GQDWWiQuE,partial,partial,https://www.youtube.com/@SkinSpotlights/search?query=Kittalee
76048,76,Nidalee,La Ilusión Nidalee,skin,search_incomplete,,,,,partial,partial,https://www.youtube.com/@SkinSpotlights/search?query=La%20Ilusi%C3%B3n%20Nidalee
76058,76,Nidalee,Spirit Blossom Nidalee,skin,referenced,WCdjyzwpNN0,2025-06-22,chapters_omitted,WCdjyzwpNN0,partial,not_targeted,
895001,895,Nilah,Star Guardian Nilah,skin,referenced,AmmeEbU7cUo,2022-07-10,chapters_omitted,AmmeEbU7cUo,partial,not_targeted,
895011,895,Nilah,Coven Nilah,skin,referenced,o6XmBGvuSms,2023-10-22,chapters_omitted,o6XmBGvuSms,partial,not_targeted,
895021,895,Nilah,Inkshadow Nilah,skin,referenced,Z8_f_CKyBgc,2025-06-07,chapters_omitted,Z8_f_CKyBgc,partial,not_targeted,
56001,56,Nocturne,Frozen Terror Nocturne,skin,search_incomplete,,,,,partial,partial,https://www.youtube.com/@SkinSpotlights/search?query=Frozen%20Terror%20Nocturne
56002,56,Nocturne,Void Nocturne,skin,search_incomplete,,,,,partial,partial,https://www.youtube.com/@SkinSpotlights/search?query=Void%20Nocturne
56003,56,Nocturne,Ravager Nocturne,skin,search_incomplete,,,,,partial,partial,https://www.youtube.com/@SkinSpotlights/search?query=Ravager%20Nocturne
56004,56,Nocturne,Haunting Nocturne,skin,search_incomplete,,,,,partial,partial,https://www.youtube.com/@SkinSpotlights/search?query=Haunting%20Nocturne
56005,56,Nocturne,Eternum Nocturne,skin,search_incomplete,,,,,partial,partial,https://www.youtube.com/@SkinSpotlights/search?query=Eternum%20Nocturne
56006,56,Nocturne,Cursed Revenant Nocturne,skin,outside_date_window,,,too_old,nGd3pjOHeHU,partial,not_targeted,
56007,56,Nocturne,Old God Nocturne,skin,search_incomplete,,,,,partial,partial,https://www.youtube.com/@SkinSpotlights/search?query=Old%20God%20Nocturne
56016,56,Nocturne,Hextech Nocturne,skin,referenced,EQbj_K4GLWc,2020-06-08,chapters_omitted,EQbj_K4GLWc,partial,not_targeted,
56017,56,Nocturne,Broken Covenant Nocturne,skin,referenced,cl6w6Zfw-0A,2023-03-05,chapters_omitted,cl6w6Zfw-0A,partial,not_targeted,
56026,56,Nocturne,Empyrean Nocturne,skin,referenced,6-Yg0Htykv0,2024-04-28,chapters_omitted,6-Yg0Htykv0,partial,not_targeted,
20001,20,Nunu,Sasquatch Nunu & Willump,skin,search_incomplete,,,,,partial,partial,https://www.youtube.com/@SkinSpotlights/search?query=Sasquatch%20Nunu%20%26%20Willump
20002,20,Nunu,Workshop Nunu & Willump,skin,search_incomplete,,,,,partial,partial,https://www.youtube.com/@SkinSpotlights/search?query=Workshop%20Nunu%20%26%20Willump
20003,20,Nunu,Grungy Nunu & Willump,skin,search_incomplete,,,,,partial,partial,https://www.youtube.com/@SkinSpotlights/search?query=Grungy%20Nunu%20%26%20Willump
20004,20,Nunu,Nunu & Willump Bot,skin,search_incomplete,,,,,partial,partial,https://www.youtube.com/@SkinSpotlights/search?query=Nunu%20%26%20Willump%20Bot
20005,20,Nunu,Demolisher Nunu & Willump,skin,search_incomplete,,,,,partial,partial,https://www.youtube.com/@SkinSpotlights/search?query=Demolisher%20Nunu%20%26%20Willump
20006,20,Nunu,TPA Nunu & Willump,skin,search_incomplete,,,,,partial,partial,https://www.youtube.com/@SkinSpotlights/search?query=TPA%20Nunu%20%26%20Willump
20007,20,Nunu,Zombie Nunu & Willump,skin,search_incomplete,,,,,partial,partial,https://www.youtube.com/@SkinSpotlights/search?query=Zombie%20Nunu%20%26%20Willump
20008,20,Nunu,Papercraft Nunu & Willump,skin,search_incomplete,,,,,partial,partial,https://www.youtube.com/@SkinSpotlights/search?query=Papercraft%20Nunu%20%26%20Willump
20016,20,Nunu,Space Groove Nunu & Willump,skin,search_incomplete,,,,,partial,partial,https://www.youtube.com/@SkinSpotlights/search?query=Space%20Groove%20Nunu%20%26%20Willump
20026,20,Nunu,Nunu & Beelump,skin,referenced,_T2c8wYiiRM,2022-02-27,chapters_omitted,_T2c8wYiiRM,partial,not_targeted,
20035,20,Nunu,Cosmic Paladins Nunu & Willump,skin,search_incomplete,,,,,partial,partial,https://www.youtube.com/@SkinSpotlights/search?query=Cosmic%20Paladins%20Nunu%20%26%20Willump
20044,20,Nunu,Fright Night Nunu & Willump,skin,search_incomplete,,,,,partial,partial,https://www.youtube.com/@SkinSpotlights/search?query=Fright%20Night%20Nunu%20%26%20Willump
2001,2,Olaf,Forsaken Olaf,skin,search_incomplete,,,,,partial,partial,https://www.youtube.com/@SkinSpotlights/search?query=Forsaken%20Olaf
2002,2,Olaf,Glacial Olaf,skin,search_incomplete,,,,,partial,partial,https://www.youtube.com/@SkinSpotlights/search?query=Glacial%20Olaf
2003,2,Olaf,Brolaf,skin,search_incomplete,,,,,partial,partial,https://www.youtube.com/@SkinSpotlights/search?query=Brolaf
2004,2,Olaf,Pentakill Olaf,skin,search_incomplete,,,,,partial,partial,https://www.youtube.com/@SkinSpotlights/search?query=Pentakill%20Olaf
2005,2,Olaf,Marauder Olaf,skin,outside_date_window,,,too_old,gpTTWv9ZwvA,partial,not_targeted,
2006,2,Olaf,Butcher Olaf,skin,outside_date_window,,,too_old,w9MvhB3DU5k,partial,not_targeted,
2015,2,Olaf,SKT T1 Olaf,skin,outside_date_window,,,too_old,iBM1eKJe51E,partial,not_targeted,
2016,2,Olaf,Dragonslayer Olaf,skin,referenced,9OgtcBIA2K8,2020-01-21,chapters_omitted,9OgtcBIA2K8,partial,not_targeted,
2025,2,Olaf,Sentinel Olaf,skin,referenced,_ICwWbBTIoA,2021-07-05,chapters_omitted,_ICwWbBTIoA,partial,not_targeted,
2035,2,Olaf,Pentakill III: Lost Chapter Olaf,skin,referenced,pPszLR8OODY,2021-09-05,chapters_omitted,pPszLR8OODY,partial,not_targeted,
2044,2,Olaf,Infernal Olaf,skin,referenced,4eHLvH-bpaY,2024-05-26,chapters_omitted,4eHLvH-bpaY,partial,not_targeted,
61001,61,Orianna,Gothic Orianna,skin,search_incomplete,,,,,partial,partial,https://www.youtube.com/@SkinSpotlights/search?query=Gothic%20Orianna
61002,61,Orianna,Sewn Chaos Orianna,skin,search_incomplete,,,,,partial,partial,https://www.youtube.com/@SkinSpotlights/search?query=Sewn%20Chaos%20Orianna
61003,61,Orianna,Bladecraft Orianna,skin,search_incomplete,,,,,partial,partial,https://www.youtube.com/@SkinSpotlights/search?query=Bladecraft%20Orianna
61004,61,Orianna,TPA Orianna,skin,search_incomplete,,,,,partial,partial,https://www.youtube.com/@SkinSpotlights/search?query=TPA%20Orianna
61005,61,Orianna,Winter Wonder Orianna,skin,search_incomplete,,,,,partial,partial,https://www.youtube.com/@SkinSpotlights/search?query=Winter%20Wonder%20Orianna
61006,61,Orianna,Heartseeker Orianna,skin,outside_date_window,,,too_old,xVKyBWeP75o,partial,not_targeted,
61007,61,Orianna,Dark Star Orianna,skin,outside_date_window,,,too_old,Q6QBLI3VQts,partial,not_targeted,
61008,61,Orianna,Victorious Orianna,skin,outside_date_window,,,too_old,UXOlCAgycpw,partial,not_targeted,
61011,61,Orianna,Pool Party Orianna,skin,referenced,8hJXq9hCvA8,2020-06-21,chapters_omitted,8hJXq9hCvA8,partial,not_targeted,
61020,61,Orianna,Orbeeanna,skin,referenced,JT-_ZF7yICY,2022-02-27,chapters_omitted,JT-_ZF7yICY,partial,not_targeted,
61029,61,Orianna,Star Guardian Orianna,skin,referenced,iRnflwngbzs,2023-06-25,chapters_omitted,iRnflwngbzs,partial,not_targeted,
61038,61,Orianna,T1 Orianna,skin,referenced,cFA-Tp2-3xk,2024-08-11,chapters_omitted,cFA-Tp2-3xk,partial,not_targeted,
61040,61,Orianna,Risen Legend Orianna,skin,referenced,ejfizR4BEWQ,2026-08-25,chapters_omitted,ejfizR4BEWQ,partial,not_targeted,
516001,516,Ornn,Thunder Lord Ornn,skin,outside_date_window,,,too_old,SlsSTAjHrlk,partial,partial,https://www.youtube.com/@SkinSpotlights/search?query=Thunder%20Lord%20Ornn
516002,516,Ornn,Elderwood Ornn,skin,referenced,xPW6QmBGSCk,2020-12-07,chapters_omitted,xPW6QmBGSCk,partial,partial,https://www.youtube.com/@SkinSpotlights/search?query=Elderwood%20Ornn
516011,516,Ornn,Space Groove Ornn,skin,referenced,A6dDmEmavrY,2022-11-13,chapters_omitted,A6dDmEmavrY,partial,partial,https://www.youtube.com/@SkinSpotlights/search?query=Space%20Groove%20Ornn
516020,516,Ornn,Choo-Choo Ornn,skin,referenced,UsiqKS6L9ic,2024-03-31,chapters_omitted,UsiqKS6L9ic,partial,partial,https://www.youtube.com/@SkinSpotlights/search?query=Choo-Choo%20Ornn
516029,516,Ornn,Aegis Frame Ornn,skin,referenced,jCrO2lUH7A0,2026-01-19,chapters_omitted,jCrO2lUH7A0,partial,partial,https://www.youtube.com/@SkinSpotlights/search?query=Aegis%20Frame%20Ornn
80001,80,Pantheon,Myrmidon Pantheon,skin,search_incomplete,,,,,partial,partial,https://www.youtube.com/@SkinSpotlights/search?query=Myrmidon%20Pantheon
80002,80,Pantheon,Ruthless Pantheon,skin,search_incomplete,,,,,partial,partial,https://www.youtube.com/@SkinSpotlights/search?query=Ruthless%20Pantheon
80003,80,Pantheon,Perseus Pantheon,skin,search_incomplete,,,,,partial,partial,https://www.youtube.com/@SkinSpotlights/search?query=Perseus%20Pantheon
80004,80,Pantheon,Full Metal Pantheon,skin,search_incomplete,,,,,partial,partial,https://www.youtube.com/@SkinSpotlights/search?query=Full%20Metal%20Pantheon
80005,80,Pantheon,Glaive Warrior Pantheon,skin,search_incomplete,,,,,partial,partial,https://www.youtube.com/@SkinSpotlights/search?query=Glaive%20Warrior%20Pantheon
80006,80,Pantheon,Dragonslayer Pantheon,skin,search_incomplete,,,,,partial,partial,https://www.youtube.com/@SkinSpotlights/search?query=Dragonslayer%20Pantheon
80007,80,Pantheon,Zombie Slayer Pantheon,skin,search_incomplete,,,,,partial,partial,https://www.youtube.com/@SkinSpotlights/search?query=Zombie%20Slayer%20Pantheon
80008,80,Pantheon,Baker Pantheon,skin,outside_date_window,,,too_old,XKbfG-d5U9U,partial,not_targeted,
80016,80,Pantheon,Pulsefire Pantheon,skin,referenced,vFVwnHVthtA,2020-05-10,chapters_omitted,vFVwnHVthtA,partial,not_targeted,
80025,80,Pantheon,Ruined Pantheon,skin,referenced,n5-bUIkm6iA,2021-07-05,chapters_omitted,n5-bUIkm6iA,partial,not_targeted,
80026,80,Pantheon,Prestige Ascended Pantheon,skin,referenced,-S6p6xHvQ2I,2021-07-05,chapters_omitted,-S6p6xHvQ2I,partial,not_targeted,
80036,80,Pantheon,Ashen Conqueror Pantheon,skin,search_incomplete,,,,,partial,partial,https://www.youtube.com/@SkinSpotlights/search?query=Ashen%20Conqueror%20Pantheon
80038,80,Pantheon,Chosen of the Wolf Pantheon,skin,referenced,cQPxIpNXfGs,2024-11-04,chapters_omitted,cQPxIpNXfGs,partial,not_targeted,
78001,78,Poppy,Noxus Poppy,skin,search_incomplete,,,,,partial,partial,https://www.youtube.com/@SkinSpotlights/search?query=Noxus%20Poppy
78002,78,Poppy,Lollipoppy,skin,search_incomplete,,,,,partial,partial,https://www.youtube.com/@SkinSpotlights/search?query=Lollipoppy
78003,78,Poppy,Blacksmith Poppy,skin,search_incomplete,,,,,partial,partial,https://www.youtube.com/@SkinSpotlights/search?query=Blacksmith%20Poppy
78004,78,Poppy,Ragdoll Poppy,skin,search_incomplete,,,,,partial,partial,https://www.youtube.com/@SkinSpotlights/search?query=Ragdoll%20Poppy
78005,78,Poppy,Battle Regalia Poppy,skin,search_incomplete,,,,,partial,partial,https://www.youtube.com/@SkinSpotlights/search?query=Battle%20Regalia%20Poppy
78006,78,Poppy,Scarlet Hammer Poppy,skin,search_incomplete,,,,,partial,partial,https://www.youtube.com/@SkinSpotlights/search?query=Scarlet%20Hammer%20Poppy
78007,78,Poppy,Star Guardian Poppy,skin,outside_date_window,,,too_old,OY1xsT_Xy9Q,partial,partial,https://www.youtube.com/@SkinSpotlights/search?query=Star%20Guardian%20Poppy
78014,78,Poppy,Snow Fawn Poppy,skin,outside_date_window,,,too_old,4OPd31C--40,partial,partial,https://www.youtube.com/@SkinSpotlights/search?query=Snow%20Fawn%20Poppy
78015,78,Poppy,Hextech Poppy,skin,outside_date_window,,,too_old,yoM-FWLYtYU,partial,partial,https://www.youtube.com/@SkinSpotlights/search?query=Hextech%20Poppy
78016,78,Poppy,Astronaut Poppy,skin,referenced,9ISLL72Lg6Y,2020-05-25,chapters_omitted,9ISLL72Lg6Y,partial,not_targeted,
78024,78,Poppy,Bewitching Poppy,skin,referenced,nDLQ-MgGgzU,2021-10-04,chapters_omitted,nDLQ-MgGgzU,partial,partial,https://www.youtube.com/@SkinSpotlights/search?query=Bewitching%20Poppy
78033,78,Poppy,Cafe Cuties Poppy,skin,referenced,ycRS_v7cxSk,2023-10-22,chapters_omitted,ycRS_v7cxSk,partial,not_targeted,
78042,78,Poppy,Firecracker Poppy,skin,referenced,y1tQfhCLNHE,2026-02-02,chapters_omitted,y1tQfhCLNHE,partial,not_targeted,
555001,555,Pyke,Sand Wraith Pyke,skin,outside_date_window,,,too_old,y0b0dyEgcKk,partial,not_targeted,
555009,555,Pyke,Blood Moon Pyke,skin,outside_date_window,,,too_old,7wHibT4sbpM,partial,partial,https://www.youtube.com/@SkinSpotlights/search?query=Blood%20Moon%20Pyke
555016,555,Pyke,PROJECT: Pyke,skin,outside_date_window,,,too_old,7JoHJ3rEGwU,partial,not_targeted,
555025,555,Pyke,PsyOps Pyke,skin,needs_review,,,before_visual_update,guUQOTVfuE4,partial,partial,https://www.youtube.com/@SkinSpotlights/search?query=PsyOps%20Pyke
555034,555,Pyke,Sentinel Pyke,skin,needs_review,,,before_visual_update,LYGmsRiZMQs,partial,partial,https://www.youtube.com/@SkinSpotlights/search?query=Sentinel%20Pyke
555044,555,Pyke,Ashen Knight Pyke,skin,needs_review,,,before_visual_update,4Q7cA00rHik,partial,partial,https://www.youtube.com/@SkinSpotlights/search?query=Ashen%20Knight%20Pyke
555045,555,Pyke,Empyrean Pyke,skin,needs_review,,,before_visual_update,efK956kDu0A,partial,partial,https://www.youtube.com/@SkinSpotlights/search?query=Empyrean%20Pyke
555053,555,Pyke,Soul Fighter Pyke,skin,needs_review,,,before_visual_update,LiH_fMGK9oQ,partial,partial,https://www.youtube.com/@SkinSpotlights/search?query=Soul%20Fighter%20Pyke
555054,555,Pyke,Prestige Soul Fighter Pyke,skin,needs_review,,,before_visual_update,jNlDR2PYOdw,partial,partial,https://www.youtube.com/@SkinSpotlights/search?query=Prestige%20Soul%20Fighter%20Pyke
555064,555,Pyke,Fright Night Pyke,skin,needs_review,,,before_visual_update,7XgnFVhBIOo,partial,partial,https://www.youtube.com/@SkinSpotlights/search?query=Fright%20Night%20Pyke
555074,555,Pyke,Inkshadow Pyke,skin,referenced,cbQvJWQvIGQ,2025-06-07,chapters_omitted,cbQvJWQvIGQ,partial,not_targeted,
555075,555,Pyke,T1 Pyke,skin,referenced,QF8YsPq9pAg,2025-09-07,chapters_omitted,QF8YsPq9pAg,partial,not_targeted,
246001,246,Qiyana,Battle Boss Qiyana,skin,outside_date_window,,,too_old,5qiZvlj-KRE,partial,not_targeted,
246002,246,Qiyana,True Damage Qiyana,skin,referenced,rQujudRRr0I,2019-11-10,chapters_omitted,rQujudRRr0I,partial,not_targeted,
246010,246,Qiyana,Prestige True Damage Qiyana,skin,referenced,4ZGRjQqLiNo,2019-11-10,chapters_omitted,4ZGRjQqLiNo,partial,not_targeted,
246011,246,Qiyana,Battle Queen Qiyana,skin,referenced,hiwnR7fLHGs,2020-12-07,chapters_omitted,hiwnR7fLHGs,partial,not_targeted,
246020,246,Qiyana,Shockblade Qiyana,skin,referenced,C5MJG0K_b8E,2022-02-13,chapters_omitted,C5MJG0K_b8E,partial,not_targeted,
246021,246,Qiyana,Prestige True Damage Qiyana (2022),skin,search_incomplete,,,,,partial,partial,https://www.youtube.com/@SkinSpotlights/search?query=Prestige%20True%20Damage%20Qiyana%20%282022%29
246030,246,Qiyana,Lunar Empress Qiyana,skin,referenced,k5683D51b84,2023-01-07,chapters_omitted,k5683D51b84,partial,not_targeted,
246040,246,Qiyana,La Ilusión Qiyana,skin,search_incomplete,,,,,partial,partial,https://www.youtube.com/@SkinSpotlights/search?query=La%20Ilusi%C3%B3n%20Qiyana
246050,246,Qiyana,Prestige Battle Academia Qiyana,skin,referenced,nL5C2SYKmMY,2025-03-16,chapters_omitted,nL5C2SYKmMY,partial,not_targeted,
133001,133,Quinn,Phoenix Quinn,skin,referenced,rP1bpFKba2c,2024-09-22,chapters_omitted,rP1bpFKba2c,partial,partial,https://www.youtube.com/@SkinSpotlights/search?query=Phoenix%20Quinn
133002,133,Quinn,Woad Scout Quinn,skin,referenced,px0MTIOEuKk,2024-09-22,chapters_omitted,px0MTIOEuKk,partial,partial,https://www.youtube.com/@SkinSpotlights/search?query=Woad%20Scout%20Quinn
133003,133,Quinn,Corsair Quinn,skin,referenced,Xroell8q1UA,2024-09-22,chapters_omitted,Xroell8q1UA,partial,partial,https://www.youtube.com/@SkinSpotlights/search?query=Corsair%20Quinn
133004,133,Quinn,Heartseeker Quinn,skin,referenced,vmNKTQ3IwlU,2024-09-22,chapters_omitted | too_old,WVKWWgeEPMA | vmNKTQ3IwlU,partial,partial,https://www.youtube.com/@SkinSpotlights/search?query=Heartseeker%20Quinn
133005,133,Quinn,Warden Quinn,skin,referenced,EzOsQxkqjL8,2024-09-22,chapters_omitted,EzOsQxkqjL8 | kbdsER0r1u4,partial,partial,https://www.youtube.com/@SkinSpotlights/search?query=Warden%20Quinn
133014,133,Quinn,Star Guardian Quinn,skin,referenced,kgYSCYKN_uY,2022-07-24,chapters_omitted,kgYSCYKN_uY,partial,partial,https://www.youtube.com/@SkinSpotlights/search?query=Star%20Guardian%20Quinn
133024,133,Quinn,PROJECT: Quinn,skin,referenced,VpvTepO2crE,2026-05-09,chapters_omitted,VpvTepO2crE,partial,partial,https://www.youtube.com/@SkinSpotlights/search?query=PROJECT%3A%20Quinn
497001,497,Rakan,Cosmic Dawn Rakan,skin,outside_date_window,,,too_old,zoha3pd-Ct0,partial,not_targeted,
497002,497,Rakan,Sweetheart Rakan,skin,outside_date_window,,,too_old,ymOsuj7ppy0,partial,not_targeted,
497003,497,Rakan,SSG Rakan,skin,outside_date_window,,,too_old,gfoxgz4gSos,partial,not_targeted,
497004,497,Rakan,iG Rakan,skin,search_incomplete,,,,,partial,partial,https://www.youtube.com/@SkinSpotlights/search?query=iG%20Rakan
497005,497,Rakan,Star Guardian Rakan,skin,outside_date_window,,,too_old,XZm_ilBgzBQ,partial,not_targeted,
497009,497,Rakan,Elderwood Rakan,skin,referenced,Zw6r2kNNMJE,2020-12-07,chapters_omitted,Zw6r2kNNMJE,partial,not_targeted,
497018,497,Rakan,Arcana Rakan,skin,referenced,DlVVtEkjCkA,2022-04-10,chapters_omitted,DlVVtEkjCkA,partial,not_targeted,
497027,497,Rakan,Broken Covenant Rakan,skin,referenced,pGsx5HlvCpU,2023-03-05,chapters_omitted,pGsx5HlvCpU,partial,not_targeted,
497036,497,Rakan,Redeemed Star Guardian Rakan,skin,referenced,UrR_VC8Q8tI,2023-10-08,chapters_omitted,UrR_VC8Q8tI,partial,not_targeted,
497037,497,Rakan,Dragonmancer Rakan,skin,referenced,nxS-lVmxOeg,2024-01-07,chapters_omitted,nxS-lVmxOeg,partial,not_targeted,
497038,497,Rakan,Prestige Dragonmancer Rakan,skin,referenced,MLn5zuL4Rqc,2024-01-07,chapters_omitted,MLn5zuL4Rqc,partial,not_targeted,
497047,497,Rakan,Battle Academia Rakan,skin,referenced,fuZ71hxJyDU,2025-03-16,chapters_omitted,fuZ71hxJyDU,partial,not_targeted,
33001,33,Rammus,King Rammus,skin,search_incomplete,,,,,partial,partial,https://www.youtube.com/@SkinSpotlights/search?query=King%20Rammus
33002,33,Rammus,Chrome Rammus,skin,search_incomplete,,,,,partial,partial,https://www.youtube.com/@SkinSpotlights/search?query=Chrome%20Rammus
33003,33,Rammus,Molten Rammus,skin,search_incomplete,,,,,partial,partial,https://www.youtube.com/@SkinSpotlights/search?query=Molten%20Rammus
33004,33,Rammus,Freljord Rammus,skin,search_incomplete,,,,,partial,partial,https://www.youtube.com/@SkinSpotlights/search?query=Freljord%20Rammus
33005,33,Rammus,Ninja Rammus,skin,search_incomplete,,,,,partial,partial,https://www.youtube.com/@SkinSpotlights/search?query=Ninja%20Rammus
33006,33,Rammus,Full Metal Rammus,skin,search_incomplete,,,,,partial,partial,https://www.youtube.com/@SkinSpotlights/search?query=Full%20Metal%20Rammus
33007,33,Rammus,Guardian of the Sands Rammus,skin,outside_date_window,,,too_old,S3Fo40eM4c0,partial,not_targeted,
33008,33,Rammus,Sweeper Rammus,skin,outside_date_window,,,too_old,nOAYxdeORB8,partial,not_targeted,
33016,33,Rammus,Hextech Rammus,skin,outside_date_window,,,too_old,eSPIIUkbfVU,partial,not_targeted,
33017,33,Rammus,Astronaut Rammus,skin,referenced,lXH7BPI5NJg,2021-06-21,chapters_omitted,lXH7BPI5NJg,partial,not_targeted,
33026,33,Rammus,Durian Defender Rammus,skin,referenced,LpHy_SSx52M,2024-03-31,chapters_omitted,LpHy_SSx52M,partial,not_targeted,
33035,33,Rammus,Baron Rammus,skin,referenced,nTTZH416Ym0,2026-07-05,chapters_omitted,nTTZH416Ym0,partial,not_targeted,
421001,421,RekSai,Eternum Rek'Sai,skin,search_incomplete,,,,,partial,partial,https://www.youtube.com/@SkinSpotlights/search?query=Eternum%20Rek%27Sai
421002,421,RekSai,Pool Party Rek'Sai,skin,search_incomplete,,,,,partial,partial,https://www.youtube.com/@SkinSpotlights/search?query=Pool%20Party%20Rek%27Sai
421009,421,RekSai,Blackfrost Rek'Sai,skin,referenced,Dqd_8oDmkZw,2020-02-29,chapters_omitted,Dqd_8oDmkZw,partial,not_targeted,
421017,421,RekSai,Elderwood Rek'Sai,skin,search_incomplete,,,,,partial,partial,https://www.youtube.com/@SkinSpotlights/search?query=Elderwood%20Rek%27Sai
421026,421,RekSai,Primordian Rek'Sai,skin,referenced,cKEmOqdSKUM,2024-07-14,chapters_omitted,cKEmOqdSKUM,partial,not_targeted,
526001,526,Rell,Battle Queen Rell,skin,referenced,2R6w4_icxSk,2020-12-07,chapters_omitted,2R6w4_icxSk,partial,not_targeted,
526010,526,Rell,Star Guardian Rell,skin,referenced,sUGUqkmsTR0,2022-07-24,chapters_omitted,sUGUqkmsTR0,partial,not_targeted,
526020,526,Rell,High Noon Rell,skin,referenced,Q4LimdWBlbo,2024-03-17,chapters_omitted,Q4LimdWBlbo,partial,not_targeted,
526030,526,Rell,Grand Reckoning Rell,skin,referenced,Q8j1qzaL2Cw,2025-02-19,chapters_omitted,Q8j1qzaL2Cw,partial,not_targeted,
888001,888,Renata,Admiral Glasc,skin,search_incomplete,,,,,partial,partial,https://www.youtube.com/@SkinSpotlights/search?query=Admiral%20Glasc
888010,888,Renata,Fright Night Renata Glasc,skin,search_incomplete,,,,,partial,partial,https://www.youtube.com/@SkinSpotlights/search?query=Fright%20Night%20Renata%20Glasc
888020,888,Renata,La Ilusión Renata Glasc,skin,search_incomplete,,,,,partial,partial,https://www.youtube.com/@SkinSpotlights/search?query=La%20Ilusi%C3%B3n%20Renata%20Glasc
888021,888,Renata,Prestige La Ilusión Renata Glasc,skin,search_incomplete,,,,,partial,partial,https://www.youtube.com/@SkinSpotlights/search?query=Prestige%20La%20Ilusi%C3%B3n%20Renata%20Glasc
888031,888,Renata,Masque of the Black Rose Renata Glasc,skin,search_incomplete,,,,,partial,partial,https://www.youtube.com/@SkinSpotlights/search?query=Masque%20of%20the%20Black%20Rose%20Renata%20Glasc
58001,58,Renekton,Galactic Renekton,skin,search_incomplete,,,,,partial,partial,https://www.youtube.com/@SkinSpotlights/search?query=Galactic%20Renekton
58002,58,Renekton,Outback Renekton,skin,search_incomplete,,,,,partial,partial,https://www.youtube.com/@SkinSpotlights/search?query=Outback%20Renekton
58003,58,Renekton,Bloodfury Renekton,skin,search_incomplete,,,,,partial,partial,https://www.youtube.com/@SkinSpotlights/search?query=Bloodfury%20Renekton
58004,58,Renekton,Rune Wars Renekton,skin,search_incomplete,,,,,partial,partial,https://www.youtube.com/@SkinSpotlights/search?query=Rune%20Wars%20Renekton
58005,58,Renekton,Scorched Earth Renekton,skin,search_incomplete,,,,,partial,partial,https://www.youtube.com/@SkinSpotlights/search?query=Scorched%20Earth%20Renekton
58006,58,Renekton,Pool Party Renekton,skin,search_incomplete,,,,,partial,partial,https://www.youtube.com/@SkinSpotlights/search?query=Pool%20Party%20Renekton
58007,58,Renekton,Prehistoric Renekton,skin,outside_date_window,,,too_old,i0_KGBgS2Xg,partial,partial,https://www.youtube.com/@SkinSpotlights/search?query=Prehistoric%20Renekton
58008,58,Renekton,SKT T1 Renekton,skin,search_incomplete,,,,,partial,partial,https://www.youtube.com/@SkinSpotlights/search?query=SKT%20T1%20Renekton
58009,58,Renekton,Renektoy,skin,search_incomplete,,,,,partial,partial,https://www.youtube.com/@SkinSpotlights/search?query=Renektoy
58017,58,Renekton,Hextech Renekton,skin,outside_date_window,,,too_old,3CBjIRkjF3c,partial,not_targeted,
58018,58,Renekton,Blackfrost Renekton,skin,referenced,q26tX0EizJY,2020-02-29,chapters_omitted,q26tX0EizJY,partial,not_targeted,
58026,58,Renekton,PROJECT: Renekton,skin,referenced,HuLvPTGyALk,2021-05-24,chapters_omitted,HuLvPTGyALk,partial,not_targeted,
58033,58,Renekton,Dawnbringer Renekton,skin,referenced,SeKBng2keu8,2023-04-17,chapters_omitted,SeKBng2keu8,partial,partial,https://www.youtube.com/@SkinSpotlights/search?query=Dawnbringer%20Renekton
58042,58,Renekton,Worlds 2023 Renekton,skin,referenced,QXsxGks2dqY,2023-10-08,chapters_omitted,QXsxGks2dqY,partial,not_targeted,
58048,58,Renekton,Inkshadow Renekton,skin,referenced,bHAmpPdvZjg,2025-06-07,chapters_omitted,bHAmpPdvZjg,partial,not_targeted,
107001,107,Rengar,Headhunter Rengar,skin,search_incomplete,,,,,partial,partial,https://www.youtube.com/@SkinSpotlights/search?query=Headhunter%20Rengar
107002,107,Rengar,Night Hunter Rengar,skin,search_incomplete,,,,,partial,partial,https://www.youtube.com/@SkinSpotlights/search?query=Night%20Hunter%20Rengar
107003,107,Rengar,SSW Rengar,skin,search_incomplete,,,,,partial,partial,https://www.youtube.com/@SkinSpotlights/search?query=SSW%20Rengar
107008,107,Rengar,Mecha Rengar,skin,outside_date_window,,,too_old,CyTBNanHAWA,partial,not_targeted,
107015,107,Rengar,Pretty Kitty Rengar,skin,outside_date_window,,,too_old,0aMp9OlnXC0,partial,not_targeted,
107023,107,Rengar,Guardian of the Sands Rengar,skin,referenced,ajGpJuaxKIM,2020-01-21,chapters_omitted,ajGpJuaxKIM,partial,not_targeted,
107030,107,Rengar,Sentinel Rengar,skin,referenced,vMMFgNTVpus,2021-07-19,chapters_omitted,vMMFgNTVpus,partial,not_targeted,
107040,107,Rengar,Street Demons Rengar,skin,referenced,sUNmEahyQRc,2023-09-10,chapters_omitted,sUNmEahyQRc,partial,not_targeted,
107049,107,Rengar,Victorious Rengar,skin,referenced,V5C2Zw-JMEc,2026-07-10,chapters_omitted,V5C2Zw-JMEc,partial,not_targeted,
92001,92,Riven,Redeemed Riven,skin,search_incomplete,,,,,partial,partial,https://www.youtube.com/@SkinSpotlights/search?query=Redeemed%20Riven
92002,92,Riven,Crimson Elite Riven,skin,search_incomplete,,,,,partial,partial,https://www.youtube.com/@SkinSpotlights/search?query=Crimson%20Elite%20Riven
92003,92,Riven,Battle Bunny Riven,skin,search_incomplete,,,,,partial,partial,https://www.youtube.com/@SkinSpotlights/search?query=Battle%20Bunny%20Riven
92004,92,Riven,Worlds 2012 Riven,skin,search_incomplete,,,,,partial,partial,https://www.youtube.com/@SkinSpotlights/search?query=Worlds%202012%20Riven
92005,92,Riven,Dragonblade Riven,skin,search_incomplete,,,,,partial,partial,https://www.youtube.com/@SkinSpotlights/search?query=Dragonblade%20Riven
92006,92,Riven,Arcade Riven,skin,outside_date_window,,,too_old,cIVHAK3ywtU,partial,not_targeted,
92007,92,Riven,Reignited Worlds 2012 Riven,skin,outside_date_window,,,too_old,JWLFXGtEalY,partial,not_targeted,
92016,92,Riven,Dawnbringer Riven,skin,outside_date_window,,,too_old,MqAyyWIygug,partial,not_targeted,
92018,92,Riven,Pulsefire Riven,skin,outside_date_window,,,too_old,yiiM5wN76-8,partial,not_targeted,
92020,92,Riven,Valiant Sword Riven,skin,outside_date_window,,,too_old,wC5-HuxL-yc,partial,not_targeted,
92022,92,Riven,Prestige Valiant Sword Riven,skin,outside_date_window,,,too_old,SaomhxMAR0A,partial,not_targeted,
92023,92,Riven,Spirit Blossom Riven,skin,referenced,XtQ6Ob8Ra9Y,2020-08-03,chapters_omitted,XtQ6Ob8Ra9Y,partial,not_targeted,
92034,92,Riven,Sentinel Riven,skin,referenced,GM9LFSn5EJI,2021-07-05,chapters_omitted,GM9LFSn5EJI,partial,not_targeted,
92044,92,Riven,Battle Bunny Prime Riven,skin,referenced,foGjgpQP6UA,2022-03-24,chapters_omitted,foGjgpQP6UA,partial,partial,https://www.youtube.com/@SkinSpotlights/search?query=Battle%20Bunny%20Prime%20Riven
92045,92,Riven,Prestige Valiant Sword Riven (2022),skin,search_incomplete,,,,,partial,partial,https://www.youtube.com/@SkinSpotlights/search?query=Prestige%20Valiant%20Sword%20Riven%20%282022%29
92055,92,Riven,Broken Covenant Riven,skin,referenced,uO-irI47BBM,2023-03-05,chapters_omitted,uO-irI47BBM,partial,not_targeted,
92063,92,Riven,Primal Ambush Riven,skin,referenced,0fzWxIcW23w,2024-01-23,chapters_omitted,0fzWxIcW23w,partial,not_targeted,
68001,68,Rumble,Rumble in the Jungle,skin,search_incomplete,,,,,partial,partial,https://www.youtube.com/@SkinSpotlights/search?query=Rumble%20in%20the%20Jungle
68002,68,Rumble,Bilgerat Rumble,skin,search_incomplete,,,,,partial,partial,https://www.youtube.com/@SkinSpotlights/search?query=Bilgerat%20Rumble
68003,68,Rumble,Super Galaxy Rumble,skin,search_incomplete,,,,,partial,partial,https://www.youtube.com/@SkinSpotlights/search?query=Super%20Galaxy%20Rumble
68004,68,Rumble,Badlands Baron Rumble,skin,outside_date_window,,,too_old,a9SKoP0bZgw,partial,not_targeted,
68013,68,Rumble,Space Groove Rumble,skin,referenced,QuoF1LFG8pk,2021-03-28,chapters_omitted,QuoF1LFG8pk,partial,not_targeted,
68023,68,Rumble,Cafe Cuties Rumble,skin,referenced,MNOzPP6AMdU,2023-10-22,chapters_omitted,MNOzPP6AMdU,partial,not_targeted,
13001,13,Ryze,Young Ryze,skin,search_incomplete,,,,,partial,partial,https://www.youtube.com/@SkinSpotlights/search?query=Young%20Ryze
13002,13,Ryze,Tribal Ryze,skin,search_incomplete,,,,,partial,partial,https://www.youtube.com/@SkinSpotlights/search?query=Tribal%20Ryze
13003,13,Ryze,Uncle Ryze,skin,search_incomplete,,,,,partial,partial,https://www.youtube.com/@SkinSpotlights/search?query=Uncle%20Ryze
13004,13,Ryze,Triumphant Ryze,skin,search_incomplete,,,,,partial,partial,https://www.youtube.com/@SkinSpotlights/search?query=Triumphant%20Ryze
13005,13,Ryze,Professor Ryze,skin,search_incomplete,,,,,partial,partial,https://www.youtube.com/@SkinSpotlights/search?query=Professor%20Ryze
13006,13,Ryze,Zombie Ryze,skin,search_incomplete,,,,,partial,partial,https://www.youtube.com/@SkinSpotlights/search?query=Zombie%20Ryze
13007,13,Ryze,Dark Crystal Ryze,skin,search_incomplete,,,,,partial,partial,https://www.youtube.com/@SkinSpotlights/search?query=Dark%20Crystal%20Ryze
13008,13,Ryze,Pirate Ryze,skin,search_incomplete,,,,,partial,partial,https://www.youtube.com/@SkinSpotlights/search?query=Pirate%20Ryze
13009,13,Ryze,Ryze Whitebeard,skin,search_incomplete,,,,,partial,partial,https://www.youtube.com/@SkinSpotlights/search?query=Ryze%20Whitebeard
13010,13,Ryze,SKT T1 Ryze,skin,search_incomplete,,,,,partial,partial,https://www.youtube.com/@SkinSpotlights/search?query=SKT%20T1%20Ryze
13011,13,Ryze,Worlds 2019 Ryze,skin,outside_date_window,,,too_old,33IVz2hnua0,partial,not_targeted,
13013,13,Ryze,Guardian of the Sands Ryze,skin,referenced,UWUrlrH3jxo,2020-01-21,chapters_omitted,UWUrlrH3jxo,partial,partial,https://www.youtube.com/@SkinSpotlights/search?query=Guardian%20of%20the%20Sands%20Ryze
13020,13,Ryze,Arcana Ryze,skin,referenced,D5wylv659UY,2022-04-10,chapters_omitted,D5wylv659UY,partial,not_targeted,
13029,13,Ryze,Blood Moon Ryze,skin,referenced,vsIMjwobXPQ,2025-05-10,chapters_omitted,vsIMjwobXPQ,partial,not_targeted,
360001,360,Samira,PsyOps Samira,skin,referenced,PE7m_3PxJxU,2020-09-14,chapters_omitted,PE7m_3PxJxU,partial,not_targeted,
360010,360,Samira,Space Groove Samira,skin,referenced,Jl1ALAf21QY,2021-03-28,chapters_omitted,Jl1ALAf21QY,partial,not_targeted,
360020,360,Samira,High Noon Samira,skin,referenced,3v3DX1AjkZY,2022-05-22,chapters_omitted,3v3DX1AjkZY,partial,not_targeted,
360030,360,Samira,Soul Fighter Samira,skin,referenced,3eevSLfSsaM,2023-07-14,chapters_omitted,3eevSLfSsaM,partial,not_targeted,
360033,360,Samira,Masque of the Black Rose Samira,skin,referenced,KbV7oAxhJsM,2025-01-05,chapters_omitted,KbV7oAxhJsM,partial,not_targeted,
360035,360,Samira,Battle Professor Samira,skin,referenced,-MDllV0ZV-M,2026-01-19,chapters_omitted,-MDllV0ZV-M,partial,not_targeted,
113001,113,Sejuani,Sabretusk Sejuani,skin,search_incomplete,,,,,partial,partial,https://www.youtube.com/@SkinSpotlights/search?query=Sabretusk%20Sejuani
113002,113,Sejuani,Darkrider Sejuani,skin,search_incomplete,,,,,partial,partial,https://www.youtube.com/@SkinSpotlights/search?query=Darkrider%20Sejuani
113003,113,Sejuani,Traditional Sejuani,skin,search_incomplete,,,,,partial,partial,https://www.youtube.com/@SkinSpotlights/search?query=Traditional%20Sejuani
113004,113,Sejuani,Bear Cavalry Sejuani,skin,search_incomplete,,,,,partial,partial,https://www.youtube.com/@SkinSpotlights/search?query=Bear%20Cavalry%20Sejuani
113005,113,Sejuani,Poro Rider Sejuani,skin,search_incomplete,,,,,partial,partial,https://www.youtube.com/@SkinSpotlights/search?query=Poro%20Rider%20Sejuani
113006,113,Sejuani,Beast Hunter Sejuani,skin,search_incomplete,,,,,partial,partial,https://www.youtube.com/@SkinSpotlights/search?query=Beast%20Hunter%20Sejuani
113007,113,Sejuani,Sejuani Dawnchaser,skin,search_incomplete,,,,,partial,partial,https://www.youtube.com/@SkinSpotlights/search?query=Sejuani%20Dawnchaser
113008,113,Sejuani,Firecracker Sejuani,skin,outside_date_window,,,too_old,aQi92f-t8oM,partial,not_targeted,
113015,113,Sejuani,Hextech Sejuani,skin,referenced,w0yNtSTFRwE,2020-02-29,chapters_omitted,w0yNtSTFRwE,partial,not_targeted,
113016,113,Sejuani,PROJECT: Sejuani,skin,referenced,-tH7RpBR7ks,2021-05-24,chapters_omitted,-tH7RpBR7ks,partial,not_targeted,
113026,113,Sejuani,Solar Eclipse Sejuani,skin,search_incomplete,,,,,partial,partial,https://www.youtube.com/@SkinSpotlights/search?query=Solar%20Eclipse%20Sejuani
113036,113,Sejuani,Victorious Sejuani,skin,referenced,nMOGtVak1QA,2022-11-13,chapters_omitted,nMOGtVak1QA,partial,not_targeted,
113048,113,Sejuani,Pug Trainer Sejuani,skin,referenced,Yw423bKyaGI,2026-03-29,chapters_omitted,Yw423bKyaGI,partial,not_targeted,
235001,235,Senna,True Damage Senna,skin,referenced,3cFJPi_iTo0,2019-11-10,chapters_omitted,3cFJPi_iTo0,partial,not_targeted,
235009,235,Senna,Prestige True Damage Senna,skin,referenced,alH3oWU0oR4,2020-02-02,chapters_omitted,alH3oWU0oR4,partial,not_targeted,
235010,235,Senna,High Noon Senna,skin,referenced,5ScQU5Bpao0,2020-06-08,chapters_omitted,5ScQU5Bpao0,partial,not_targeted,
235016,235,Senna,PROJECT: Senna,skin,referenced,xQwmf7uVojI,2021-05-24,chapters_omitted,xQwmf7uVojI,partial,not_targeted,
235026,235,Senna,Lunar Eclipse Senna,skin,referenced,k-VS_nhOT-c,2022-04-24,chapters_omitted,k-VS_nhOT-c,partial,not_targeted,
235027,235,Senna,Prestige Lunar Eclipse Senna,skin,referenced,xwV2IwtuKpo,2022-04-24,chapters_omitted,xwV2IwtuKpo,partial,partial,https://www.youtube.com/@SkinSpotlights/search?query=Prestige%20Lunar%20Eclipse%20Senna
235036,235,Senna,Bewitching Senna,skin,referenced,saAA6Z7em6g,2022-10-15,chapters_omitted,saAA6Z7em6g,partial,not_targeted,
235046,235,Senna,Star Guardian Senna,skin,referenced,cqkUTsmFcq0,2023-07-14,chapters_omitted,cqkUTsmFcq0,partial,partial,https://www.youtube.com/@SkinSpotlights/search?query=Star%20Guardian%20Senna
235056,235,Senna,Winterblessed Senna,skin,referenced,iUFq_9R3BZw,2023-12-03,chapters_omitted,iUFq_9R3BZw,partial,not_targeted,
235063,235,Senna,Masked Justice Senna,skin,referenced,CYH2cKBic4s,2025-02-16,chapters_omitted,CYH2cKBic4s,partial,not_targeted,
235072,235,Senna,Warhound Senna,skin,referenced,h4qssuExmdk,2026-03-15,chapters_omitted,h4qssuExmdk,partial,not_targeted,
147001,147,Seraphine,K/DA ALL OUT Seraphine Indie,skin,search_incomplete,,,,,partial,partial,https://www.youtube.com/@SkinSpotlights/search?query=K/DA%20ALL%20OUT%20Seraphine%20Indie
147002,147,Seraphine,K/DA ALL OUT Seraphine Rising Star,skin,search_incomplete,,,,,partial,partial,https://www.youtube.com/@SkinSpotlights/search?query=K/DA%20ALL%20OUT%20Seraphine%20Rising%20Star
147003,147,Seraphine,K/DA ALL OUT Seraphine Superstar,skin,search_incomplete,,,,,partial,partial,https://www.youtube.com/@SkinSpotlights/search?query=K/DA%20ALL%20OUT%20Seraphine%20Superstar
147004,147,Seraphine,Graceful Phoenix Seraphine,skin,referenced,se1iDCPcT9k,2021-08-23,chapters_omitted,se1iDCPcT9k,partial,partial,https://www.youtube.com/@SkinSpotlights/search?query=Graceful%20Phoenix%20Seraphine
147014,147,Seraphine,Ocean Song Seraphine,skin,referenced,6aDPlPTRpUI,2022-06-05,chapters_omitted,6aDPlPTRpUI,partial,not_targeted,
147015,147,Seraphine,Prestige Ocean Song Seraphine,skin,referenced,3N1ih9nieBo,2022-06-20,chapters_omitted,3N1ih9nieBo,partial,not_targeted,
147024,147,Seraphine,Faerie Court Seraphine,skin,referenced,KWspVsFBKM8,2023-03-19,chapters_omitted,KWspVsFBKM8,partial,partial,https://www.youtube.com/@SkinSpotlights/search?query=Faerie%20Court%20Seraphine
147034,147,Seraphine,Star Guardian Seraphine,skin,referenced,JEIT7KIRmLI,2023-06-25,chapters_omitted,JEIT7KIRmLI,partial,not_targeted,
147043,147,Seraphine,Battle Dove Seraphine,skin,referenced,jY0gYIWhC1Y,2024-07-14,chapters_omitted,jY0gYIWhC1Y,partial,not_targeted,
147050,147,Seraphine,Dumpling Darlings Seraphine,skin,referenced,NtUs87_2trc,2025-03-01,chapters_omitted,NtUs87_2trc,partial,not_targeted,
147059,147,Seraphine,Firecracker Seraphine,skin,referenced,_gcytcMAJC4,2026-02-02,chapters_omitted,_gcytcMAJC4,partial,not_targeted,
147068,147,Seraphine,T1 Seraphine,skin,referenced,a9noC98brJk,2026-07-10,chapters_omitted,a9noC98brJk,partial,not_targeted,
147069,147,Seraphine,Heartsong Seraphine,skin,referenced,5XHqe3r5IEI,2026-08-23,chapters_omitted,5XHqe3r5IEI,partial,partial,https://www.youtube.com/@SkinSpotlights/search?query=Heartsong%20Seraphine
875001,875,Sett,Mecha Kingdoms Sett,skin,referenced,0vJWsu08iME,2020-01-14,chapters_omitted,0vJWsu08iME,partial,not_targeted,
875008,875,Sett,Obsidian Dragon Sett,skin,referenced,E7AIJn--_Hw,2020-09-28,chapters_omitted,E7AIJn--_Hw,partial,not_targeted,
875009,875,Sett,Prestige Obsidian Dragon Sett,skin,referenced,FdvH73P7K1s,2020-09-28,chapters_omitted,FdvH73P7K1s,partial,not_targeted,
875010,875,Sett,Pool Party Sett,skin,referenced,F4ERA9oYlZc,2021-06-07,chapters_omitted,F4ERA9oYlZc,partial,partial,https://www.youtube.com/@SkinSpotlights/search?query=Pool%20Party%20Sett
875019,875,Sett,Firecracker Sett,skin,referenced,wR360B1O_mc,2022-01-26,chapters_omitted,wR360B1O_mc,partial,partial,https://www.youtube.com/@SkinSpotlights/search?query=Firecracker%20Sett
875038,875,Sett,Spirit Blossom Sett,skin,referenced,zjrpyUlW9XI,2022-10-02,chapters_omitted,zjrpyUlW9XI,partial,not_targeted,
875045,875,Sett,Soul Fighter Sett,skin,referenced,Gj-uwfeMSD0,2023-07-14,chapters_omitted,Gj-uwfeMSD0,partial,not_targeted,
875056,875,Sett,HEARTSTEEL Sett,skin,referenced,oYZw287sSx4,2023-11-05,chapters_omitted,oYZw287sSx4,partial,not_targeted,
875066,875,Sett,Radiant Serpent Sett,skin,referenced,XFEVTeibDr0,2025-01-05,chapters_omitted,XFEVTeibDr0,partial,not_targeted,
875067,875,Sett,Spirit Blossom Springs Sett,skin,referenced,PkMUUbN17AA,2025-07-27,chapters_omitted,PkMUUbN17AA,partial,not_targeted,
35001,35,Shaco,Mad Hatter Shaco,skin,search_incomplete,,,,,partial,partial,https://www.youtube.com/@SkinSpotlights/search?query=Mad%20Hatter%20Shaco
35002,35,Shaco,Royal Shaco,skin,search_incomplete,,,,,partial,partial,https://www.youtube.com/@SkinSpotlights/search?query=Royal%20Shaco
35003,35,Shaco,Nutcracko,skin,search_incomplete,,,,,partial,partial,https://www.youtube.com/@SkinSpotlights/search?query=Nutcracko
35004,35,Shaco,Workshop Shaco,skin,search_incomplete,,,,,partial,partial,https://www.youtube.com/@SkinSpotlights/search?query=Workshop%20Shaco
35005,35,Shaco,Asylum Shaco,skin,search_incomplete,,,,,partial,partial,https://www.youtube.com/@SkinSpotlights/search?query=Asylum%20Shaco
35006,35,Shaco,Masked Shaco,skin,search_incomplete,,,,,partial,partial,https://www.youtube.com/@SkinSpotlights/search?query=Masked%20Shaco
35007,35,Shaco,Wild Card Shaco,skin,outside_date_window,,,too_old,c7X2CWbEej4,partial,not_targeted,
35008,35,Shaco,Dark Star Shaco,skin,outside_date_window,,,too_old,09aMJ5OXUC4,partial,not_targeted,
35015,35,Shaco,Arcanist Shaco,skin,referenced,LHnqVrmKt2c,2020-07-06,chapters_omitted,LHnqVrmKt2c,partial,not_targeted,
35023,35,Shaco,Crime City Nightmare Shaco,skin,referenced,NRmo8KmPDN8,2021-08-23,chapters_omitted,NRmo8KmPDN8,partial,not_targeted,
35033,35,Shaco,Winterblessed Shaco,skin,referenced,mi2mqRvoWp4,2022-12-04,chapters_omitted,mi2mqRvoWp4,partial,not_targeted,
35043,35,Shaco,Soul Fighter Shaco,skin,referenced,wBr3i41qJkg,2023-07-30,chapters_omitted,wBr3i41qJkg,partial,not_targeted,
35044,35,Shaco,Prestige Soul Fighter Shaco,skin,referenced,D_pyO9jGqm0,2023-07-30,chapters_omitted,D_pyO9jGqm0,partial,not_targeted,
35054,35,Shaco,Fright Night Shaco,skin,referenced,AOLoDXroou4,2024-09-22,chapters_omitted,AOLoDXroou4,partial,not_targeted,
35064,35,Shaco,Cat-in-the-Box Shaco,skin,referenced,pE8AYyvcHoA,2025-03-29,chapters_omitted,pE8AYyvcHoA,partial,not_targeted,
35071,35,Shaco,Prestige Pandemonium Shaco,skin,referenced,Ly1vPc6ns6A,2026-04-26,chapters_omitted,Ly1vPc6ns6A,partial,not_targeted,
98001,98,Shen,Frozen Shen,skin,search_incomplete,,,,,partial,partial,https://www.youtube.com/@SkinSpotlights/search?query=Frozen%20Shen
98002,98,Shen,Yellow Jacket Shen,skin,search_incomplete,,,,,partial,partial,https://www.youtube.com/@SkinSpotlights/search?query=Yellow%20Jacket%20Shen
98003,98,Shen,Surgeon Shen,skin,referenced,wIVwJ1YVjLY,2020-06-21,chapters_omitted,wIVwJ1YVjLY,partial,partial,https://www.youtube.com/@SkinSpotlights/search?query=Surgeon%20Shen
98004,98,Shen,Blood Moon Shen,skin,search_incomplete,,,,,partial,partial,https://www.youtube.com/@SkinSpotlights/search?query=Blood%20Moon%20Shen
98005,98,Shen,Warlord Shen,skin,search_incomplete,,,,,partial,partial,https://www.youtube.com/@SkinSpotlights/search?query=Warlord%20Shen
98006,98,Shen,TPA Shen,skin,search_incomplete,,,,,partial,partial,https://www.youtube.com/@SkinSpotlights/search?query=TPA%20Shen
98015,98,Shen,Pulsefire Shen,skin,outside_date_window,,,too_old,O5mLP1rHECc,partial,partial,https://www.youtube.com/@SkinSpotlights/search?query=Pulsefire%20Shen
98016,98,Shen,Infernal Shen,skin,outside_date_window,,,too_old,W4UprLIbGJA,partial,partial,https://www.youtube.com/@SkinSpotlights/search?query=Infernal%20Shen
98022,98,Shen,PsyOps Shen,skin,referenced,B-23FaFaDLE,2020-09-04,chapters_omitted,B-23FaFaDLE,partial,not_targeted,
98040,98,Shen,Shockblade Shen,skin,referenced,feKS59C05Rw,2022-02-13,chapters_omitted,feKS59C05Rw,partial,not_targeted,
98049,98,Shen,Ashen Guardian Shen,skin,referenced,1inSFeFxXzw,2023-03-19,chapters_omitted,1inSFeFxXzw,partial,not_targeted,
98051,98,Shen,Three Honors Shen,skin,referenced,dwRsqONhK7I,2025-01-19,chapters_omitted,dwRsqONhK7I,partial,not_targeted,
98054,98,Shen,Broken Covenant Shen,skin,referenced,rDHxgum9WLk,2026-06-21,chapters_omitted,rDHxgum9WLk,partial,not_targeted,
102001,102,Shyvana,Shyvana Ironscale,skin,search_incomplete,,,,,partial,partial,https://www.youtube.com/@SkinSpotlights/search?query=Shyvana%20Ironscale
102002,102,Shyvana,Boneclaw Shyvana,skin,referenced,GPMz4ppkpMs,2026-03-15,chapters_omitted,GPMz4ppkpMs,partial,partial,https://www.youtube.com/@SkinSpotlights/search?query=Boneclaw%20Shyvana
102003,102,Shyvana,Darkflame Shyvana,skin,referenced,x9g3BdBxJ6I,2026-03-15,chapters_omitted,x9g3BdBxJ6I,partial,partial,https://www.youtube.com/@SkinSpotlights/search?query=Darkflame%20Shyvana
102004,102,Shyvana,Ice Drake Shyvana,skin,referenced,SMAqwtf-ycA,2026-03-15,chapters_omitted,SMAqwtf-ycA,partial,partial,https://www.youtube.com/@SkinSpotlights/search?query=Ice%20Drake%20Shyvana
102005,102,Shyvana,Worlds 2014 Shyvana,skin,referenced,izaZKpuX7vo,2026-03-15,chapters_omitted,izaZKpuX7vo,partial,partial,https://www.youtube.com/@SkinSpotlights/search?query=Worlds%202014%20Shyvana
102006,102,Shyvana,Super Galaxy Shyvana,skin,referenced,gMukraUPn0Y,2026-03-15,chapters_omitted | too_old,adJ-t2mXL2I | gMukraUPn0Y,partial,not_targeted,
102008,102,Shyvana,Ruined Shyvana,skin,referenced,qRmyM8W1x3M,2026-03-15,chapters_omitted,HWKypcRGddI | qRmyM8W1x3M,partial,not_targeted,
102017,102,Shyvana,Immortal Journey Shyvana,skin,referenced,2b1VaauaSpU,2026-03-15,chapters_omitted,2b1VaauaSpU | 6fwS5bG5Zb8,partial,not_targeted,
27001,27,Singed,Riot Squad Singed,skin,search_incomplete,,,,,partial,partial,https://www.youtube.com/@SkinSpotlights/search?query=Riot%20Squad%20Singed
27002,27,Singed,Hextech Singed,skin,search_incomplete,,,,,partial,partial,https://www.youtube.com/@SkinSpotlights/search?query=Hextech%20Singed
27003,27,Singed,Surfer Singed,skin,search_incomplete,,,,,partial,partial,https://www.youtube.com/@SkinSpotlights/search?query=Surfer%20Singed
27004,27,Singed,Mad Scientist Singed,skin,search_incomplete,,,,,partial,partial,https://www.youtube.com/@SkinSpotlights/search?query=Mad%20Scientist%20Singed
27005,27,Singed,Augmented Singed,skin,search_incomplete,,,,,partial,partial,https://www.youtube.com/@SkinSpotlights/search?query=Augmented%20Singed
27006,27,Singed,Snow Day Singed,skin,search_incomplete,,,,,partial,partial,https://www.youtube.com/@SkinSpotlights/search?query=Snow%20Day%20Singed
27007,27,Singed,SSW Singed,skin,outside_date_window,,,too_old,hp62IKKRjwc,partial,partial,https://www.youtube.com/@SkinSpotlights/search?query=SSW%20Singed
27008,27,Singed,Black Scourge Singed,skin,outside_date_window,,,too_old,4vU1EhrWdnU,partial,not_targeted,
27009,27,Singed,Beekeeper Singed,skin,outside_date_window,,,too_old,SUZ_5rlDCqE,partial,not_targeted,
27010,27,Singed,Resistance Singed,skin,referenced,8OWzWzZ9oo4,2020-11-09,chapters_omitted,8OWzWzZ9oo4,partial,not_targeted,
27019,27,Singed,Astronaut Singed,skin,referenced,0cAgg7UKas0,2023-02-20,chapters_omitted,0cAgg7UKas0,partial,not_targeted,
27028,27,Singed,Arcane Shimmer Lab Singed,skin,referenced,SvZWbzXYuFA,2024-11-17,chapters_omitted,SvZWbzXYuFA,partial,not_targeted,
14001,14,Sion,Hextech Sion,skin,search_incomplete,,,,,partial,partial,https://www.youtube.com/@SkinSpotlights/search?query=Hextech%20Sion
14002,14,Sion,Barbarian Sion,skin,search_incomplete,,,,,partial,partial,https://www.youtube.com/@SkinSpotlights/search?query=Barbarian%20Sion
14003,14,Sion,Lumberjack Sion,skin,search_incomplete,,,,,partial,partial,https://www.youtube.com/@SkinSpotlights/search?query=Lumberjack%20Sion
14004,14,Sion,Warmonger Sion,skin,search_incomplete,,,,,partial,partial,https://www.youtube.com/@SkinSpotlights/search?query=Warmonger%20Sion
14005,14,Sion,Mecha Zero Sion,skin,outside_date_window,,,too_old,V4YEUY_yiT0,partial,not_targeted,
14014,14,Sion,Worldbreaker Sion,skin,referenced,XcutHYOSYhE,2020-03-30,chapters_omitted,XcutHYOSYhE,partial,not_targeted,
14022,14,Sion,Blackfrost Sion,skin,referenced,w0I5gvlLUR8,2021-04-12,chapters_omitted,w0I5gvlLUR8,partial,not_targeted,
14030,14,Sion,High Noon Sion,skin,search_incomplete,,,,,partial,partial,https://www.youtube.com/@SkinSpotlights/search?query=High%20Noon%20Sion
14040,14,Sion,Cosmic Paladin Sion,skin,referenced,MK4EjwdSrLU,2023-08-27,chapters_omitted,MK4EjwdSrLU,partial,not_targeted,
14049,14,Sion,Grand Reckoning Sion,skin,referenced,ARG9_EUKn8M,2025-02-19,chapters_omitted,ARG9_EUKn8M,partial,not_targeted,
14050,14,Sion,Pizza Chef Sion,skin,referenced,Cg8040kcL9Y,2026-05-25,chapters_omitted,Cg8040kcL9Y,partial,not_targeted,
15001,15,Sivir,Warrior Princess Sivir,skin,search_incomplete,,,,,partial,partial,https://www.youtube.com/@SkinSpotlights/search?query=Warrior%20Princess%20Sivir
15002,15,Sivir,Spectacular Sivir,skin,search_incomplete,,,,,partial,partial,https://www.youtube.com/@SkinSpotlights/search?query=Spectacular%20Sivir
15003,15,Sivir,Huntress Sivir,skin,search_incomplete,,,,,partial,partial,https://www.youtube.com/@SkinSpotlights/search?query=Huntress%20Sivir
15004,15,Sivir,Bandit Sivir,skin,search_incomplete,,,,,partial,partial,https://www.youtube.com/@SkinSpotlights/search?query=Bandit%20Sivir
15005,15,Sivir,PAX Sivir,skin,search_incomplete,,,,,partial,partial,https://www.youtube.com/@SkinSpotlights/search?query=PAX%20Sivir
15006,15,Sivir,Snowstorm Sivir,skin,search_incomplete,,,,,partial,partial,https://www.youtube.com/@SkinSpotlights/search?query=Snowstorm%20Sivir
15007,15,Sivir,Warden Sivir,skin,outside_date_window,,,too_old,94iis3siiZQ,partial,not_targeted,
15008,15,Sivir,Victorious Sivir,skin,outside_date_window,,,too_old,mNxvIcup5S0,partial,not_targeted,
15009,15,Sivir,Neo PAX Sivir,skin,outside_date_window,,,too_old,3MAB-dSw5AM,partial,not_targeted,
15010,15,Sivir,Pizza Delivery Sivir,skin,outside_date_window,,,too_old,vLQuPzyDOrI,partial,not_targeted,
15016,15,Sivir,Blood Moon Sivir,skin,outside_date_window,,,too_old,-KuKP4JS6OQ,partial,not_targeted,
15025,15,Sivir,Odyssey Sivir,skin,referenced,NBqdcsFRN1c,2020-10-11,chapters_omitted,NBqdcsFRN1c,partial,partial,https://www.youtube.com/@SkinSpotlights/search?query=Odyssey%20Sivir
15034,15,Sivir,Cafe Cuties Sivir,skin,referenced,RH4kglo-P0A,2021-11-15,chapters_omitted,RH4kglo-P0A,partial,not_targeted,
15043,15,Sivir,Solar Eclipse Sivir,skin,referenced,_iB-42pqaFs,2022-04-24,chapters_omitted,_iB-42pqaFs,partial,not_targeted,
15050,15,Sivir,Mythmaker Sivir,skin,referenced,ZzL2zmc_qUM,2023-01-07,chapters_omitted,ZzL2zmc_qUM,partial,not_targeted,
15051,15,Sivir,Prestige Mythmaker Sivir,skin,referenced,zHyLTqAdzQU,2023-01-07,chapters_omitted,zHyLTqAdzQU,partial,not_targeted,
15061,15,Sivir,Primal Ambush Sivir,skin,referenced,kfK-yj2HqeM,2024-01-23,chapters_omitted,kfK-yj2HqeM,partial,not_targeted,
15070,15,Sivir,Ann-Sivir-sary,skin,referenced,bqERvUWHL44,2024-10-06,chapters_omitted,bqERvUWHL44,partial,not_targeted,
15072,15,Sivir,PROJECT: Sivir,skin,referenced,Azf1mzi-0no,2026-04-12,chapters_omitted,Azf1mzi-0no,partial,not_targeted,
72001,72,Skarner,Sandscourge Skarner,skin,needs_review,,,before_visual_update,vZ__X91bigw,partial,partial,https://www.youtube.com/@SkinSpotlights/search?query=Sandscourge%20Skarner
72002,72,Skarner,Earthrune Skarner,skin,needs_review,,,before_visual_update,zdSBNshmk54,partial,partial,https://www.youtube.com/@SkinSpotlights/search?query=Earthrune%20Skarner
72003,72,Skarner,Battlecast Alpha Skarner,skin,needs_review,,,before_visual_update,hkfdLbi3n0A,partial,partial,https://www.youtube.com/@SkinSpotlights/search?query=Battlecast%20Alpha%20Skarner
72004,72,Skarner,Guardian of the Sands Skarner,skin,referenced,Leii4FnEbEc,2024-04-10,chapters_omitted,Leii4FnEbEc,partial,not_targeted,
72005,72,Skarner,Cosmic Sting Skarner,skin,needs_review,,,before_visual_update,dLB5Cn51ts8 | t9JFip9Da9g,partial,partial,https://www.youtube.com/@SkinSpotlights/search?query=Cosmic%20Sting%20Skarner
72014,72,Skarner,Mecha Kingdoms Skarner,skin,referenced,7a-Q0A6R4ss,2025-10-19,chapters_omitted,7a-Q0A6R4ss,partial,not_targeted,
901001,901,Smolder,Heavenscale Smolder,skin,referenced,sLKzOeoSGLo,2024-01-29,chapters_omitted,sLKzOeoSGLo,partial,not_targeted,
901011,901,Smolder,Reindeer Smolder,skin,referenced,ZdZjPknM9NA,2025-11-30,chapters_omitted,ZdZjPknM9NA,partial,not_targeted,
37001,37,Sona,Muse Sona,skin,search_incomplete,,,,,partial,partial,https://www.youtube.com/@SkinSpotlights/search?query=Muse%20Sona
37002,37,Sona,Pentakill Sona,skin,search_incomplete,,,,,partial,partial,https://www.youtube.com/@SkinSpotlights/search?query=Pentakill%20Sona
37003,37,Sona,Silent Night Sona,skin,search_incomplete,,,,,partial,partial,https://www.youtube.com/@SkinSpotlights/search?query=Silent%20Night%20Sona
37004,37,Sona,Guqin Sona,skin,search_incomplete,,,,,partial,partial,https://www.youtube.com/@SkinSpotlights/search?query=Guqin%20Sona
37005,37,Sona,Arcade Sona,skin,search_incomplete,,,,,partial,partial,https://www.youtube.com/@SkinSpotlights/search?query=Arcade%20Sona
37006,37,Sona,DJ Sona,skin,outside_date_window,,,too_old,GGBDz927TZ4,partial,not_targeted,
37007,37,Sona,Sweetheart Sona,skin,outside_date_window,,,too_old,tDPJoRHZkdo,partial,partial,https://www.youtube.com/@SkinSpotlights/search?query=Sweetheart%20Sona
37009,37,Sona,Odyssey Sona,skin,outside_date_window,,,too_old,0E8WEuhYOGg,partial,partial,https://www.youtube.com/@SkinSpotlights/search?query=Odyssey%20Sona
37017,37,Sona,PsyOps Sona,skin,referenced,ufd-FlQC8wc,2020-09-04,chapters_omitted,ufd-FlQC8wc,partial,not_targeted,
37026,37,Sona,Pentakill III: Lost Chapter Sona,skin,referenced,Wkc5rQTDzuk,2021-09-05,chapters_omitted,Wkc5rQTDzuk,partial,partial,https://www.youtube.com/@SkinSpotlights/search?query=Pentakill%20III%3A%20Lost%20Chapter%20Sona
37035,37,Sona,Star Guardian Sona,skin,referenced,X-l2pDL_Ylk,2022-07-10,chapters_omitted,X-l2pDL_Ylk,partial,not_targeted,
37045,37,Sona,Immortal Journey Sona,skin,referenced,b6rzONAhAWY,2023-08-13,chapters_omitted,b6rzONAhAWY,partial,not_targeted,
37046,37,Sona,Prestige Immortal Journey Sona,skin,referenced,RiZ9HnDqxZ0,2023-08-13,chapters_omitted,RiZ9HnDqxZ0,partial,not_targeted,
37056,37,Sona,Victorious Sona,skin,referenced,WJRLA8LqbWc,2025-01-05,chapters_omitted,WJRLA8LqbWc,partial,not_targeted,
37066,37,Sona,Spirit Blossom Springs Sona,skin,referenced,BDpu2OuP_w4,2025-08-02,chapters_omitted,BDpu2OuP_w4,partial,not_targeted,
37075,37,Sona,Prestige Requiem Sona,skin,referenced,bywEzJXlego,2026-03-01,chapters_omitted,bywEzJXlego,partial,not_targeted,
16001,16,Soraka,Dryad Soraka,skin,referenced,3DKpqkmO3SY,2024-09-22,chapters_omitted,3DKpqkmO3SY,partial,not_targeted,
16002,16,Soraka,Divine Soraka,skin,referenced,l2uSSjZc4IQ,2024-09-22,chapters_omitted,l2uSSjZc4IQ,partial,partial,https://www.youtube.com/@SkinSpotlights/search?query=Divine%20Soraka
16003,16,Soraka,Celestine Soraka,skin,referenced,fNjn2qzXypA,2024-09-22,chapters_omitted,fNjn2qzXypA,partial,partial,https://www.youtube.com/@SkinSpotlights/search?query=Celestine%20Soraka
16004,16,Soraka,Reaper Soraka,skin,referenced,LiiwZCa65Ao,2024-09-22,chapters_omitted,LiiwZCa65Ao,partial,not_targeted,
16005,16,Soraka,Order of the Banana Soraka,skin,referenced,j-J8FUrATZ8,2024-09-22,chapters_omitted | too_old,0LEe_wSoEkA | j-J8FUrATZ8,partial,partial,https://www.youtube.com/@SkinSpotlights/search?query=Order%20of%20the%20Banana%20Soraka
16006,16,Soraka,Program Soraka,skin,referenced,mTZFVC5up98,2024-09-22,chapters_omitted,mTZFVC5up98,partial,not_targeted,
16007,16,Soraka,Star Guardian Soraka,skin,outside_date_window,,,too_old,LUOwLJxlvtg,partial,not_targeted,
16008,16,Soraka,Pajama Guardian Soraka,skin,outside_date_window,,,too_old,MfRRRwuAFj0,partial,not_targeted,
16009,16,Soraka,Winter Wonder Soraka,skin,outside_date_window,,,too_old,TnUYdGlC-I0,partial,partial,https://www.youtube.com/@SkinSpotlights/search?query=Winter%20Wonder%20Soraka
16015,16,Soraka,Dawnbringer Soraka,skin,referenced,bNo-K70KLp4,2019-12-08,chapters_omitted,bNo-K70KLp4,partial,not_targeted,
16016,16,Soraka,Nightbringer Soraka,skin,referenced,M9LFGqB5CLs,2019-12-08,chapters_omitted,M9LFGqB5CLs,partial,not_targeted,
16017,16,Soraka,Prestige Star Guardian Soraka,skin,referenced,IQrjCPeTjCc,2020-11-22,chapters_omitted,IQrjCPeTjCc,partial,not_targeted,
16018,16,Soraka,Cafe Cuties Soraka,skin,referenced,DbufCUJAQxE,2021-11-15,chapters_omitted,DbufCUJAQxE,partial,not_targeted,
16027,16,Soraka,Spirit Blossom Soraka,skin,referenced,mPuICmgVtgA,2022-10-02,chapters_omitted,mPuICmgVtgA,partial,not_targeted,
16037,16,Soraka,Immortal Journey Soraka,skin,referenced,rEP3eiFxuqo,2023-08-13,chapters_omitted,rEP3eiFxuqo,partial,not_targeted,
16044,16,Soraka,Faerie Court Soraka,skin,referenced,I-BNM2xiJq0,2024-05-12,chapters_omitted,I-BNM2xiJq0,partial,not_targeted,
16053,16,Soraka,Flora Fatalis Soraka,skin,referenced,3fO_TNMhODA,2025-10-05,chapters_omitted,3fO_TNMhODA,partial,not_targeted,
16063,16,Soraka,Ocean Song Soraka,skin,referenced,uoS4ZW593zs,2026-08-23,chapters_omitted,uoS4ZW593zs,partial,not_targeted,
50001,50,Swain,Northern Front Swain,skin,search_incomplete,,,,,partial,partial,https://www.youtube.com/@SkinSpotlights/search?query=Northern%20Front%20Swain
50002,50,Swain,Bilgewater Swain,skin,search_incomplete,,,,,partial,partial,https://www.youtube.com/@SkinSpotlights/search?query=Bilgewater%20Swain
50003,50,Swain,Tyrant Swain,skin,search_incomplete,,,,,partial,partial,https://www.youtube.com/@SkinSpotlights/search?query=Tyrant%20Swain
50004,50,Swain,Dragon Master Swain,skin,outside_date_window,,,too_old,nfFSlh7Yc5o,partial,not_targeted,
50011,50,Swain,Hextech Swain,skin,referenced,F_v1AAUmXGg,2019-12-08,chapters_omitted,F_v1AAUmXGg,partial,not_targeted,
50012,50,Swain,Crystal Rose Swain,skin,referenced,HZVZmPPJIQY,2021-02-11,chapters_omitted,HZVZmPPJIQY,partial,not_targeted,
50021,50,Swain,Winterblessed Swain,skin,referenced,ShnnNnVsaME,2022-12-04,chapters_omitted,ShnnNnVsaME,partial,not_targeted,
50032,50,Swain,Chosen of the Wolf Swain,skin,referenced,lVdC8-_HQk8,2024-11-04,chapters_omitted,lVdC8-_HQk8,partial,not_targeted,
50033,50,Swain,Prestige Chosen of the Wolf Swain,skin,referenced,PxhKTMzQnZI,2024-11-04,chapters_omitted,PxhKTMzQnZI,partial,not_targeted,
50042,50,Swain,Fried Chicken King Swain,skin,referenced,azJifplGwUQ,2026-03-29,chapters_omitted,azJifplGwUQ,partial,not_targeted,
517001,517,Sylas,Lunar Wraith Sylas,skin,outside_date_window,,,too_old,ME_KGcXAb-Q,partial,not_targeted,
517008,517,Sylas,Freljord Sylas,skin,referenced,Jb_RCm-6vEY,2020-01-10,chapters_omitted,Jb_RCm-6vEY,partial,not_targeted,
517013,517,Sylas,PROJECT: Sylas,skin,referenced,zELMrmJqdpg,2021-05-24,chapters_omitted,zELMrmJqdpg,partial,not_targeted,
517014,517,Sylas,Prestige PROJECT: Sylas,skin,referenced,yDkXdQZfc0E,2021-05-24,chapters_omitted,yDkXdQZfc0E,partial,not_targeted,
517024,517,Sylas,Battle Wolf Sylas,skin,referenced,5Q-Xeu6yk7s,2022-03-24,chapters_omitted,5Q-Xeu6yk7s,partial,not_targeted,
517034,517,Sylas,Ashen Slayer Sylas,skin,referenced,J-pPIFfmDoI,2022-09-17,chapters_omitted,J-pPIFfmDoI,partial,not_targeted,
517036,517,Sylas,Winterblessed Sylas,skin,referenced,uBTgjrB3490,2023-12-03,chapters_omitted,uBTgjrB3490,partial,not_targeted,
517046,517,Sylas,Dark Star Sylas,skin,referenced,QHy0lIBxd70,2024-10-20,chapters_omitted,QHy0lIBxd70,partial,not_targeted,
517053,517,Sylas,Prestige T1 Sylas,skin,referenced,0sbFBRXn0e8,2025-09-07,chapters_omitted,0sbFBRXn0e8,partial,not_targeted,
134001,134,Syndra,Justicar Syndra,skin,search_incomplete,,,,,partial,partial,https://www.youtube.com/@SkinSpotlights/search?query=Justicar%20Syndra
134002,134,Syndra,Atlantean Syndra,skin,search_incomplete,,,,,partial,partial,https://www.youtube.com/@SkinSpotlights/search?query=Atlantean%20Syndra
134003,134,Syndra,Queen of Diamonds Syndra,skin,outside_date_window,,,too_old,pq31QFBI7sc,partial,partial,https://www.youtube.com/@SkinSpotlights/search?query=Queen%20of%20Diamonds%20Syndra
134004,134,Syndra,Snow Day Syndra,skin,outside_date_window,,,too_old,3YNr6kQj1M0,partial,not_targeted,
134005,134,Syndra,SKT T1 Syndra,skin,outside_date_window,,,too_old,VvykJfPl7Wk,partial,not_targeted,
134006,134,Syndra,Star Guardian Syndra,skin,outside_date_window,,,too_old,d8JywXy2UKo,partial,not_targeted,
134007,134,Syndra,Pool Party Syndra,skin,referenced,ttiF_uDylrk,2020-06-21,chapters_omitted,ttiF_uDylrk,partial,not_targeted,
134016,134,Syndra,Withered Rose Syndra,skin,referenced,VL9uB-d4n7o,2021-02-11,chapters_omitted,VL9uB-d4n7o,partial,not_targeted,
134025,134,Syndra,Bewitching Syndra,skin,referenced,YNxHm2h6zU4,2021-10-04,chapters_omitted,YNxHm2h6zU4,partial,not_targeted,
134034,134,Syndra,Prestige Star Guardian Syndra,skin,referenced,oswMAmMpQwU,2022-07-24,chapters_omitted,oswMAmMpQwU,partial,not_targeted,
134044,134,Syndra,Spirit Blossom Syndra,skin,referenced,JiniyTzdH0s,2022-10-02,chapters_omitted,JiniyTzdH0s,partial,not_targeted,
134054,134,Syndra,Coven Syndra,skin,referenced,oMcOPWyfXyc,2023-10-22,chapters_omitted,oMcOPWyfXyc,partial,not_targeted,
134065,134,Syndra,Dumpling Darlings Syndra,skin,referenced,v4Iqzu_UojU,2025-01-19,chapters_omitted,v4Iqzu_UojU,partial,not_targeted,
223001,223,TahmKench,Master Chef Tahm Kench,skin,outside_date_window,,,too_old,20Xja5LbIs0,partial,not_targeted,
223002,223,TahmKench,Urf Kench,skin,outside_date_window,,,too_old,SWwA4Vlzrb8,partial,not_targeted,
223003,223,TahmKench,Coin Emperor Tahm Kench,skin,outside_date_window,,,too_old,YFOHi7GtadQ,partial,not_targeted,
223011,223,TahmKench,Arcana Tahm Kench,skin,referenced,vjLGo0AOB2c,2021-05-10,chapters_omitted,vjLGo0AOB2c,partial,not_targeted,
223020,223,TahmKench,High Noon Tahm Kench,skin,referenced,-t_vwpmG2uw,2022-05-22,chapters_omitted,-t_vwpmG2uw,partial,not_targeted,
223030,223,TahmKench,Shan Hai Scrolls Tahm Kench,skin,referenced,ed8hdG9w1gs,2023-06-11,chapters_omitted,ed8hdG9w1gs,partial,not_targeted,
223039,223,TahmKench,Choncc Kench,skin,referenced,SuEJ8d9K3BQ,2026-03-29,chapters_omitted,SuEJ8d9K3BQ,partial,not_targeted,
163001,163,Taliyah,Freljord Taliyah,skin,outside_date_window,,,too_old,dAT0BIse15g,partial,not_targeted,
163002,163,Taliyah,SSG Taliyah,skin,outside_date_window,,,too_old,ZEIwejOgQQg,partial,not_targeted,
163003,163,Taliyah,Pool Party Taliyah,skin,referenced,au2GvYnNUAs,2020-06-21,chapters_omitted,au2GvYnNUAs,partial,not_targeted,
163011,163,Taliyah,Star Guardian Taliyah,skin,referenced,qLfPLFRxjMs,2022-07-24,chapters_omitted,qLfPLFRxjMs,partial,not_targeted,
163021,163,Taliyah,Crystalis Motus Taliyah,skin,search_incomplete,,,,,partial,partial,https://www.youtube.com/@SkinSpotlights/search?query=Crystalis%20Motus%20Taliyah
163024,163,Taliyah,Durand's Legacy Taliyah,skin,search_incomplete,,,,,partial,partial,https://www.youtube.com/@SkinSpotlights/search?query=Durand%27s%20Legacy%20Taliyah
91001,91,Talon,Renegade Talon,skin,search_incomplete,,,,,partial,partial,https://www.youtube.com/@SkinSpotlights/search?query=Renegade%20Talon
91002,91,Talon,Crimson Elite Talon,skin,search_incomplete,,,,,partial,partial,https://www.youtube.com/@SkinSpotlights/search?query=Crimson%20Elite%20Talon
91003,91,Talon,Dragonblade Talon,skin,search_incomplete,,,,,partial,partial,https://www.youtube.com/@SkinSpotlights/search?query=Dragonblade%20Talon
91004,91,Talon,SSW Talon,skin,search_incomplete,,,,,partial,partial,https://www.youtube.com/@SkinSpotlights/search?query=SSW%20Talon
91005,91,Talon,Blood Moon Talon,skin,outside_date_window,,,too_old,gUmqqMnzsSE,partial,not_targeted,
91012,91,Talon,Enduring Sword Talon,skin,search_incomplete,,,,,partial,partial,https://www.youtube.com/@SkinSpotlights/search?query=Enduring%20Sword%20Talon
91020,91,Talon,Talon Blackwood,skin,needs_review,,,before_visual_update,oAbV5Otso2Q,partial,partial,https://www.youtube.com/@SkinSpotlights/search?query=Talon%20Blackwood
91029,91,Talon,Withered Rose Talon,skin,needs_review,,,before_visual_update,BEpaY3ddzqo,partial,partial,https://www.youtube.com/@SkinSpotlights/search?query=Withered%20Rose%20Talon
91038,91,Talon,High Noon Talon,skin,needs_review,,,before_visual_update,xtJ1qLeVh9w,partial,partial,https://www.youtube.com/@SkinSpotlights/search?query=High%20Noon%20Talon
91039,91,Talon,Prestige High Noon Talon,skin,needs_review,,,before_visual_update,sr0TcxboYiM,partial,partial,https://www.youtube.com/@SkinSpotlights/search?query=Prestige%20High%20Noon%20Talon
91049,91,Talon,Primal Ambush Talon,skin,needs_review,,,before_visual_update,T5CHMT5Ayts,partial,partial,https://www.youtube.com/@SkinSpotlights/search?query=Primal%20Ambush%20Talon
91059,91,Talon,Grand Reckoning Talon,skin,needs_review,,,before_visual_update,5ECTUTDB3Yk,partial,partial,https://www.youtube.com/@SkinSpotlights/search?query=Grand%20Reckoning%20Talon
44001,44,Taric,Emerald Taric,skin,outside_date_window,,,too_old,WZlnu-mPR7c,partial,not_targeted,
44002,44,Taric,Armor of the Fifth Age Taric,skin,outside_date_window,,,too_old,evn93sDlKJ8,partial,not_targeted,
44003,44,Taric,Bloodstone Taric,skin,outside_date_window,,,too_old,JzbmPoUE4Yo,partial,not_targeted,
44004,44,Taric,Pool Party Taric,skin,outside_date_window,,,too_old,oGRgt-4gTKU,partial,not_targeted,
44009,44,Taric,Taric Luminshield,skin,referenced,YEq_juk9HfU,2020-03-15,chapters_omitted,YEq_juk9HfU,partial,not_targeted,
44018,44,Taric,Space Groove Taric,skin,referenced,K6tK4arn9fk,2022-11-13,chapters_omitted,K6tK4arn9fk,partial,not_targeted,
44027,44,Taric,Fatebreaker Taric,skin,referenced,R1s22r5_V8Y,2025-04-12,chapters_omitted,R1s22r5_V8Y,partial,not_targeted,
17001,17,Teemo,Happy Elf Teemo,skin,search_incomplete,,,,,partial,partial,https://www.youtube.com/@SkinSpotlights/search?query=Happy%20Elf%20Teemo
17002,17,Teemo,Recon Teemo,skin,search_incomplete,,,,,partial,partial,https://www.youtube.com/@SkinSpotlights/search?query=Recon%20Teemo
17003,17,Teemo,Badger Teemo,skin,search_incomplete,,,,,partial,partial,https://www.youtube.com/@SkinSpotlights/search?query=Badger%20Teemo
17004,17,Teemo,Astronaut Teemo,skin,search_incomplete,,,,,partial,partial,https://www.youtube.com/@SkinSpotlights/search?query=Astronaut%20Teemo
17005,17,Teemo,Cottontail Teemo,skin,search_incomplete,,,,,partial,partial,https://www.youtube.com/@SkinSpotlights/search?query=Cottontail%20Teemo
17006,17,Teemo,Super Teemo,skin,search_incomplete,,,,,partial,partial,https://www.youtube.com/@SkinSpotlights/search?query=Super%20Teemo
17007,17,Teemo,Panda Teemo,skin,search_incomplete,,,,,partial,partial,https://www.youtube.com/@SkinSpotlights/search?query=Panda%20Teemo
17008,17,Teemo,Omega Squad Teemo,skin,outside_date_window,,,too_old,uK9qdIb6CFs,partial,not_targeted,
17014,17,Teemo,Little Devil Teemo,skin,outside_date_window,,,too_old,THLx3HGKWcw,partial,partial,https://www.youtube.com/@SkinSpotlights/search?query=Little%20Devil%20Teemo
17018,17,Teemo,Beemo,skin,outside_date_window,,,too_old,DVdeBDUYEG0,partial,partial,https://www.youtube.com/@SkinSpotlights/search?query=Beemo
17025,17,Teemo,Spirit Blossom Teemo,skin,needs_review,,,before_visual_update,RZ3lrFQYQbM,partial,partial,https://www.youtube.com/@SkinSpotlights/search?query=Spirit%20Blossom%20Teemo
17027,17,Teemo,Prestige Spirit Blossom Teemo,skin,needs_review,,,before_visual_update,mDeQQrFbpPI,partial,partial,https://www.youtube.com/@SkinSpotlights/search?query=Prestige%20Spirit%20Blossom%20Teemo
17037,17,Teemo,Firecracker Teemo,skin,needs_review,,,before_visual_update,n4TLerp3TIw,partial,partial,https://www.youtube.com/@SkinSpotlights/search?query=Firecracker%20Teemo
17047,17,Teemo,Space Groove Teemo,skin,needs_review,,,before_visual_update,3k7dtvtkJxY,partial,partial,https://www.youtube.com/@SkinSpotlights/search?query=Space%20Groove%20Teemo
17054,17,Teemo,Spirit Blossom Springs Teemo,skin,referenced,ef3KaKfqvYg,2025-07-27,chapters_omitted,ef3KaKfqvYg,partial,not_targeted,
412001,412,Thresh,Deep Terror Thresh,skin,search_incomplete,,,,,partial,partial,https://www.youtube.com/@SkinSpotlights/search?query=Deep%20Terror%20Thresh
412002,412,Thresh,Worlds 2013 Thresh,skin,search_incomplete,,,,,partial,partial,https://www.youtube.com/@SkinSpotlights/search?query=Worlds%202013%20Thresh
412003,412,Thresh,Blood Moon Thresh,skin,search_incomplete,,,,,partial,partial,https://www.youtube.com/@SkinSpotlights/search?query=Blood%20Moon%20Thresh
412004,412,Thresh,SSW Thresh,skin,outside_date_window,,,too_old,ez3Dw-GRovE,partial,not_targeted,
412005,412,Thresh,Dark Star Thresh,skin,outside_date_window,,,too_old,MyGRmK6vyoQ,partial,not_targeted,
412006,412,Thresh,High Noon Thresh,skin,outside_date_window,,,too_old,xX6LVR5UUzs,partial,not_targeted,
412013,412,Thresh,Pulsefire Thresh,skin,referenced,GX-XeRFKhfw,2019-11-17,chapters_omitted,GX-XeRFKhfw,partial,not_targeted,
412014,412,Thresh,Prestige Pulsefire Thresh,skin,referenced,29RywDwUQ-8,2019-11-17,chapters_omitted,29RywDwUQ-8,partial,not_targeted,
412015,412,Thresh,FPX Thresh,skin,referenced,43dwM58XYVA,2020-04-26,chapters_omitted,43dwM58XYVA,partial,not_targeted,
412017,412,Thresh,Spirit Blossom Thresh,skin,referenced,PUokWe2YxN4,2020-07-19,chapters_omitted,PUokWe2YxN4,partial,not_targeted,
412027,412,Thresh,Unbound Thresh,skin,search_incomplete,,,,,partial,partial,https://www.youtube.com/@SkinSpotlights/search?query=Unbound%20Thresh
412028,412,Thresh,Steel Dragon Thresh,skin,referenced,mvBHycBSAzA,2021-10-17,chapters_omitted,mvBHycBSAzA,partial,not_targeted,
412038,412,Thresh,Prestige Pulsefire Thresh (2022),skin,search_incomplete,,,,,partial,partial,https://www.youtube.com/@SkinSpotlights/search?query=Prestige%20Pulsefire%20Thresh%20%282022%29
412039,412,Thresh,Lunar Emperor Thresh,skin,referenced,2IlL77wfFtI,2023-01-07,chapters_omitted,2IlL77wfFtI,partial,not_targeted,
412049,412,Thresh,Winterblessed Thresh,skin,referenced,wlB6PVHyaB0,2023-12-03,chapters_omitted,wlB6PVHyaB0,partial,not_targeted,
412059,412,Thresh,Janitor Thresh,skin,referenced,EMtJK9uWR4s,2024-09-08,chapters_omitted,EMtJK9uWR4s,partial,not_targeted,
18001,18,Tristana,Riot Girl Tristana,skin,search_incomplete,,,,,partial,partial,https://www.youtube.com/@SkinSpotlights/search?query=Riot%20Girl%20Tristana
18002,18,Tristana,Earnest Elf Tristana,skin,search_incomplete,,,,,partial,partial,https://www.youtube.com/@SkinSpotlights/search?query=Earnest%20Elf%20Tristana
18003,18,Tristana,Firefighter Tristana,skin,referenced,hfKoeSTkbRM,2025-01-19,chapters_omitted,hfKoeSTkbRM,partial,partial,https://www.youtube.com/@SkinSpotlights/search?query=Firefighter%20Tristana
18004,18,Tristana,Guerilla Tristana,skin,search_incomplete,,,,,partial,partial,https://www.youtube.com/@SkinSpotlights/search?query=Guerilla%20Tristana
18005,18,Tristana,Buccaneer Tristana,skin,search_incomplete,,,,,partial,partial,https://www.youtube.com/@SkinSpotlights/search?query=Buccaneer%20Tristana
18006,18,Tristana,Rocket Girl Tristana,skin,search_incomplete,,,,,partial,partial,https://www.youtube.com/@SkinSpotlights/search?query=Rocket%20Girl%20Tristana
18010,18,Tristana,Dragon Trainer Tristana,skin,outside_date_window,,,too_old,5FJbOb_-Ydg,partial,partial,https://www.youtube.com/@SkinSpotlights/search?query=Dragon%20Trainer%20Tristana
18011,18,Tristana,Bewitching Tristana,skin,outside_date_window,,,too_old,rhtHIeuFtdg,partial,partial,https://www.youtube.com/@SkinSpotlights/search?query=Bewitching%20Tristana
18012,18,Tristana,Omega Squad Tristana,skin,outside_date_window,,,too_old,9lNVRAhX72I,partial,partial,https://www.youtube.com/@SkinSpotlights/search?query=Omega%20Squad%20Tristana
18024,18,Tristana,Little Demon Tristana,skin,outside_date_window,,,too_old,ijGFcjS4SXM,partial,partial,https://www.youtube.com/@SkinSpotlights/search?query=Little%20Demon%20Tristana
18033,18,Tristana,Pengu Cosplay Tristana,skin,referenced,1suuMJew8_4,2020-03-30,chapters_omitted,1suuMJew8_4,partial,partial,https://www.youtube.com/@SkinSpotlights/search?query=Pengu%20Cosplay%20Tristana
18040,18,Tristana,Hextech Tristana,skin,referenced,YmCHoHc3C_k,2021-09-05,chapters_omitted,YmCHoHc3C_k,partial,partial,https://www.youtube.com/@SkinSpotlights/search?query=Hextech%20Tristana
18041,18,Tristana,Firecracker Tristana,skin,referenced,JhFp-ZQ9x2w,2022-01-26,chapters_omitted,JhFp-ZQ9x2w,partial,partial,https://www.youtube.com/@SkinSpotlights/search?query=Firecracker%20Tristana
18051,18,Tristana,Spirit Blossom Tristana,skin,referenced,5tKZHJHjtCc,2022-10-02,chapters_omitted,5tKZHJHjtCc,partial,partial,https://www.youtube.com/@SkinSpotlights/search?query=Spirit%20Blossom%20Tristana
18061,18,Tristana,Faerie Court Tristana,skin,referenced,sJ_svETnnRM,2024-05-12,chapters_omitted,sJ_svETnnRM,partial,partial,https://www.youtube.com/@SkinSpotlights/search?query=Faerie%20Court%20Tristana
18070,18,Tristana,Rain Shepherd Tristana,skin,referenced,0gbQZ-wsf2g,2025-11-15,chapters_omitted,0gbQZ-wsf2g,partial,partial,https://www.youtube.com/@SkinSpotlights/search?query=Rain%20Shepherd%20Tristana
18079,18,Tristana,Risen Legend Tristana,skin,referenced,c1yVnGTttSw,2026-08-25,chapters_omitted,c1yVnGTttSw,partial,partial,https://www.youtube.com/@SkinSpotlights/search?query=Risen%20Legend%20Tristana
18080,18,Tristana,Immortalized Legend Tristana,skin,referenced,5nFNzGlbsjY,2026-08-25,chapters_omitted,5nFNzGlbsjY,partial,partial,https://www.youtube.com/@SkinSpotlights/search?query=Immortalized%20Legend%20Tristana
48001,48,Trundle,Lil' Slugger Trundle,skin,search_incomplete,,,,,partial,partial,https://www.youtube.com/@SkinSpotlights/search?query=Lil%27%20Slugger%20Trundle
48002,48,Trundle,Junkyard Trundle,skin,search_incomplete,,,,,partial,partial,https://www.youtube.com/@SkinSpotlights/search?query=Junkyard%20Trundle
48003,48,Trundle,Traditional Trundle,skin,search_incomplete,,,,,partial,partial,https://www.youtube.com/@SkinSpotlights/search?query=Traditional%20Trundle
48004,48,Trundle,Constable Trundle,skin,search_incomplete,,,,,partial,partial,https://www.youtube.com/@SkinSpotlights/search?query=Constable%20Trundle
48005,48,Trundle,Worldbreaker Trundle,skin,outside_date_window,,,too_old,mAIyVvlTevA,partial,not_targeted,
48006,48,Trundle,Dragonslayer Trundle,skin,referenced,zkU_XLlHjPc,2020-02-02,chapters_omitted,zkU_XLlHjPc,partial,not_targeted,
48012,48,Trundle,Fright Night Trundle,skin,referenced,tMIdfyMboKI,2022-09-17,chapters_omitted,tMIdfyMboKI,partial,not_targeted,
48021,48,Trundle,Esports Fan Trundle,skin,referenced,muhP8r_miUU,2024-10-06,chapters_omitted,muhP8r_miUU,partial,not_targeted,
23001,23,Tryndamere,Highland Tryndamere,skin,search_incomplete,,,,,partial,partial,https://www.youtube.com/@SkinSpotlights/search?query=Highland%20Tryndamere
23002,23,Tryndamere,King Tryndamere,skin,search_incomplete,,,,,partial,partial,https://www.youtube.com/@SkinSpotlights/search?query=King%20Tryndamere
23003,23,Tryndamere,Viking Tryndamere,skin,search_incomplete,,,,,partial,partial,https://www.youtube.com/@SkinSpotlights/search?query=Viking%20Tryndamere
23004,23,Tryndamere,Demonblade Tryndamere,skin,search_incomplete,,,,,partial,partial,https://www.youtube.com/@SkinSpotlights/search?query=Demonblade%20Tryndamere
23005,23,Tryndamere,Sultan Tryndamere,skin,search_incomplete,,,,,partial,partial,https://www.youtube.com/@SkinSpotlights/search?query=Sultan%20Tryndamere
23006,23,Tryndamere,Warring Kingdoms Tryndamere,skin,search_incomplete,,,,,partial,partial,https://www.youtube.com/@SkinSpotlights/search?query=Warring%20Kingdoms%20Tryndamere
23007,23,Tryndamere,Nightmare Tryndamere,skin,outside_date_window,,,too_old,nh_MLjxpghE,partial,not_targeted,
23008,23,Tryndamere,Beast Hunter Tryndamere,skin,outside_date_window,,,too_old,gL-qicELskI,partial,not_targeted,
23009,23,Tryndamere,Chemtech Tryndamere,skin,outside_date_window,,,too_old,AgLaqmwpn3k,partial,not_targeted,
23010,23,Tryndamere,Blood Moon Tryndamere,skin,referenced,LmxsULMFQyQ,2020-02-18,chapters_omitted,LmxsULMFQyQ,partial,not_targeted,
23018,23,Tryndamere,Nightbringer Tryndamere,skin,referenced,dacZmcOjlVk,2021-09-20,chapters_omitted,dacZmcOjlVk,partial,not_targeted,
23027,23,Tryndamere,Victorious Tryndamere,skin,referenced,_IwkmuVzHUY,2024-02-18,chapters_omitted,_IwkmuVzHUY,partial,not_targeted,
23037,23,Tryndamere,Visions of the Fallen Tryndamere,skin,referenced,f20FFnTZ-c4,2025-08-24,chapters_omitted,f20FFnTZ-c4,partial,not_targeted,
4001,4,TwistedFate,PAX Twisted Fate,skin,search_incomplete,,,,,partial,partial,https://www.youtube.com/@SkinSpotlights/search?query=PAX%20Twisted%20Fate
4002,4,TwistedFate,Jack of Hearts Twisted Fate,skin,search_incomplete,,,,,partial,partial,https://www.youtube.com/@SkinSpotlights/search?query=Jack%20of%20Hearts%20Twisted%20Fate
4003,4,TwistedFate,The Magnificent Twisted Fate,skin,search_incomplete,,,,,partial,partial,https://www.youtube.com/@SkinSpotlights/search?query=The%20Magnificent%20Twisted%20Fate
4004,4,TwistedFate,Tango Twisted Fate,skin,search_incomplete,,,,,partial,partial,https://www.youtube.com/@SkinSpotlights/search?query=Tango%20Twisted%20Fate
4005,4,TwistedFate,High Noon Twisted Fate,skin,search_incomplete,,,,,partial,partial,https://www.youtube.com/@SkinSpotlights/search?query=High%20Noon%20Twisted%20Fate
4006,4,TwistedFate,Musketeer Twisted Fate,skin,search_incomplete,,,,,partial,partial,https://www.youtube.com/@SkinSpotlights/search?query=Musketeer%20Twisted%20Fate
4007,4,TwistedFate,Underworld Twisted Fate,skin,search_incomplete,,,,,partial,partial,https://www.youtube.com/@SkinSpotlights/search?query=Underworld%20Twisted%20Fate
4008,4,TwistedFate,Red Card Twisted Fate,skin,search_incomplete,,,,,partial,partial,https://www.youtube.com/@SkinSpotlights/search?query=Red%20Card%20Twisted%20Fate
4009,4,TwistedFate,Cutpurse Twisted Fate,skin,outside_date_window,,,too_old,YwH-h9VkCYw,partial,not_targeted,
4010,4,TwistedFate,Blood Moon Twisted Fate,skin,outside_date_window,,,too_old,cLm6B5Jr_Jg,partial,not_targeted,
4011,4,TwistedFate,Pulsefire Twisted Fate,skin,outside_date_window,,,too_old,XOkyadVH48E,partial,not_targeted,
4013,4,TwistedFate,Odyssey Twisted Fate,skin,referenced,pHswBhbMWas,2020-10-11,chapters_omitted,pHswBhbMWas,partial,not_targeted,
4023,4,TwistedFate,DWG Twisted Fate,skin,referenced,OipUa9zu0-0,2021-04-26,chapters_omitted,OipUa9zu0-0,partial,not_targeted,
4025,4,TwistedFate,Crime City Nightmare Twisted Fate,skin,referenced,f8BPXU-8oCo,2021-08-23,chapters_omitted,f8BPXU-8oCo,partial,not_targeted,
4036,4,TwistedFate,Space Groove Twisted Fate,skin,referenced,Nnm3y5gQPFc,2022-11-13,chapters_omitted,Nnm3y5gQPFc,partial,not_targeted,
4045,4,TwistedFate,Victorious Twisted Fate,skin,referenced,cWFN4yaSFAQ,2025-04-12,chapters_omitted,cWFN4yaSFAQ,partial,not_targeted,
29001,29,Twitch,Kingpin Twitch,skin,search_incomplete,,,,,partial,partial,https://www.youtube.com/@SkinSpotlights/search?query=Kingpin%20Twitch
29002,29,Twitch,Whistler Village Twitch,skin,search_incomplete,,,,,partial,partial,https://www.youtube.com/@SkinSpotlights/search?query=Whistler%20Village%20Twitch
29003,29,Twitch,Medieval Twitch,skin,search_incomplete,,,,,partial,partial,https://www.youtube.com/@SkinSpotlights/search?query=Medieval%20Twitch
29004,29,Twitch,Crime City Twitch,skin,search_incomplete,,,,,partial,partial,https://www.youtube.com/@SkinSpotlights/search?query=Crime%20City%20Twitch
29005,29,Twitch,Vandal Twitch,skin,search_incomplete,,,,,partial,partial,https://www.youtube.com/@SkinSpotlights/search?query=Vandal%20Twitch
29006,29,Twitch,Pickpocket Twitch,skin,search_incomplete,,,,,partial,partial,https://www.youtube.com/@SkinSpotlights/search?query=Pickpocket%20Twitch
29007,29,Twitch,SSW Twitch,skin,outside_date_window,,,too_old,09z04ZXgeyg,partial,not_targeted,
29008,29,Twitch,Omega Squad Twitch,skin,outside_date_window,,,too_old,D9Vqxmmq7O8,partial,not_targeted,
29012,29,Twitch,Ice King Twitch,skin,outside_date_window,,,too_old,dXaCeeUhOX8,partial,not_targeted,
29027,29,Twitch,Twitch Shadowfoot,skin,referenced,-jU0mtTPAu4,2020-03-15,chapters_omitted,-jU0mtTPAu4,partial,not_targeted,
29036,29,Twitch,Dragonslayer Twitch,skin,referenced,8p7gj3WVmAk,2021-04-12,chapters_omitted,8p7gj3WVmAk,partial,not_targeted,
29045,29,Twitch,High Noon Twitch,skin,referenced,0uodO_9LUIc,2022-05-22,chapters_omitted,0uodO_9LUIc,partial,not_targeted,
29055,29,Twitch,Cheddar Chief Twitch,skin,referenced,THx71dVDED4,2024-03-31,chapters_omitted,THx71dVDED4,partial,not_targeted,
29064,29,Twitch,Pool Party Twitch,skin,referenced,7xdL5pkKadY,2025-04-27,chapters_omitted,7xdL5pkKadY,partial,not_targeted,
77001,77,Udyr,Black Belt Udyr,skin,needs_review,,,before_visual_update,A_m2cvTOd3w | KuHU9tFblfA,partial,partial,https://www.youtube.com/@SkinSpotlights/search?query=Black%20Belt%20Udyr
77002,77,Udyr,Primal Udyr,skin,needs_review,,,before_visual_update,l9D6EEAZRYU,partial,partial,https://www.youtube.com/@SkinSpotlights/search?query=Primal%20Udyr
77003,77,Udyr,Spirit Guard Udyr,skin,needs_review,,,before_visual_update,6y7qbacs248,partial,partial,https://www.youtube.com/@SkinSpotlights/search?query=Spirit%20Guard%20Udyr
77004,77,Udyr,Definitely Not Udyr,skin,needs_review,,,before_visual_update | too_old,5_N1wA6Ayf8 | NlwjlUmaR_g,partial,partial,https://www.youtube.com/@SkinSpotlights/search?query=Definitely%20Not%20Udyr
77005,77,Udyr,Dragon Oracle Udyr,skin,needs_review,,,before_visual_update | too_old,d2A-vbC17mc | ggMG6yP5TRY,partial,partial,https://www.youtube.com/@SkinSpotlights/search?query=Dragon%20Oracle%20Udyr
77006,77,Udyr,Inkshadow Udyr,skin,referenced,yRyIvCv-958,2023-04-30,chapters_omitted,yRyIvCv-958,partial,not_targeted,
6001,6,Urgot,Giant Enemy Crabgot,skin,outside_date_window,,,too_old,IWa4vtEI2Pg,partial,not_targeted,
6002,6,Urgot,Butcher Urgot,skin,outside_date_window,,,too_old,VePzEgBS1VE,partial,not_targeted,
6003,6,Urgot,Battlecast Urgot,skin,outside_date_window,,,too_old,S-m-F7-J8NI,partial,not_targeted,
6009,6,Urgot,High Noon Urgot,skin,outside_date_window,,,too_old,03NKpMjkrVQ,partial,not_targeted,
6015,6,Urgot,Pajama Guardian Cosplay Urgot,skin,referenced,AT8osJMeuZI,2020-03-30,chapters_omitted,AT8osJMeuZI,partial,not_targeted,
6023,6,Urgot,Fright Night Urgot,skin,referenced,zmsxmtjuMrk,2022-09-17,chapters_omitted,zmsxmtjuMrk,partial,not_targeted,
6032,6,Urgot,Urgot the Clogfather,skin,referenced,T5dbPnqL26E,2025-03-29,chapters_omitted,T5dbPnqL26E,partial,not_targeted,
6041,6,Urgot,Old God Urgot,skin,search_incomplete,,,,,partial,partial,https://www.youtube.com/@SkinSpotlights/search?query=Old%20God%20Urgot
110001,110,Varus,Blight Crystal Varus,skin,search_incomplete,,,,,partial,partial,https://www.youtube.com/@SkinSpotlights/search?query=Blight%20Crystal%20Varus
110002,110,Varus,Arclight Varus,skin,search_incomplete,,,,,partial,partial,https://www.youtube.com/@SkinSpotlights/search?query=Arclight%20Varus
110003,110,Varus,Arctic Ops Varus,skin,search_incomplete,,,,,partial,partial,https://www.youtube.com/@SkinSpotlights/search?query=Arctic%20Ops%20Varus
110004,110,Varus,Heartseeker Varus,skin,outside_date_window,,,too_old,fI-chfwuUTI,partial,not_targeted,
110005,110,Varus,Varus Swiftbolt,skin,search_incomplete,,,,,partial,partial,https://www.youtube.com/@SkinSpotlights/search?query=Varus%20Swiftbolt
110006,110,Varus,Dark Star Varus,skin,outside_date_window,,,too_old,lsD_D47CKe8,partial,partial,https://www.youtube.com/@SkinSpotlights/search?query=Dark%20Star%20Varus
110007,110,Varus,Conqueror Varus,skin,outside_date_window,,,too_old,UqSCDELqsxY,partial,partial,https://www.youtube.com/@SkinSpotlights/search?query=Conqueror%20Varus
110009,110,Varus,Infernal Varus,skin,outside_date_window,,,too_old,ifVu92waAdw,partial,partial,https://www.youtube.com/@SkinSpotlights/search?query=Infernal%20Varus
110016,110,Varus,PROJECT: Varus,skin,referenced,3PBjV_r7qU4,2021-05-24,chapters_omitted,3PBjV_r7qU4,partial,partial,https://www.youtube.com/@SkinSpotlights/search?query=PROJECT%3A%20Varus
110017,110,Varus,Cosmic Hunter Varus,skin,referenced,q7Y5jkYJIHU,2020-11-22,chapters_omitted,q7Y5jkYJIHU,partial,partial,https://www.youtube.com/@SkinSpotlights/search?query=Cosmic%20Hunter%20Varus
110034,110,Varus,High Noon Varus,skin,referenced,qX8IjaT-Oh8,2022-05-08,chapters_omitted,qX8IjaT-Oh8,partial,partial,https://www.youtube.com/@SkinSpotlights/search?query=High%20Noon%20Varus
110044,110,Varus,Snow Moon Varus,skin,referenced,_mOl1h2uets,2023-05-14,chapters_omitted,_mOl1h2uets,partial,not_targeted,
110053,110,Varus,Empyrean Varus,skin,referenced,J0R919daJU8,2024-04-28,chapters_omitted,J0R919daJU8,partial,not_targeted,
110060,110,Varus,Spirit Blossom Varus,skin,referenced,N8Yn8BuKj5U,2025-04-27,chapters_omitted,N8Yn8BuKj5U,partial,not_targeted,
110069,110,Varus,T1 Varus,skin,referenced,44iRr8PMxZo,2025-09-07,chapters_omitted,44iRr8PMxZo,partial,not_targeted,
67001,67,Vayne,Vindicator Vayne,skin,search_incomplete,,,,,partial,partial,https://www.youtube.com/@SkinSpotlights/search?query=Vindicator%20Vayne
67002,67,Vayne,Aristocrat Vayne,skin,search_incomplete,,,,,partial,partial,https://www.youtube.com/@SkinSpotlights/search?query=Aristocrat%20Vayne
67003,67,Vayne,Dragonslayer Vayne,skin,search_incomplete,,,,,partial,partial,https://www.youtube.com/@SkinSpotlights/search?query=Dragonslayer%20Vayne
67004,67,Vayne,Heartseeker Vayne,skin,search_incomplete,,,,,partial,partial,https://www.youtube.com/@SkinSpotlights/search?query=Heartseeker%20Vayne
67005,67,Vayne,SKT T1 Vayne,skin,search_incomplete,,,,,partial,partial,https://www.youtube.com/@SkinSpotlights/search?query=SKT%20T1%20Vayne
67006,67,Vayne,Arclight Vayne,skin,outside_date_window,,,too_old,NU82AKzl75g,partial,partial,https://www.youtube.com/@SkinSpotlights/search?query=Arclight%20Vayne
67010,67,Vayne,Soulstealer Vayne,skin,outside_date_window,,,too_old,y5TqGL54_K0,partial,partial,https://www.youtube.com/@SkinSpotlights/search?query=Soulstealer%20Vayne
67011,67,Vayne,PROJECT: Vayne,skin,outside_date_window,,,too_old,tCKNHBcmN4g,partial,not_targeted,
67012,67,Vayne,Firecracker Vayne,skin,outside_date_window,,,too_old,10AH22Pe3-U,partial,not_targeted,
67013,67,Vayne,Prestige Firecracker Vayne,skin,outside_date_window,,,too_old,wIrEyC5VxMU,partial,not_targeted,
67014,67,Vayne,Spirit Blossom Vayne,skin,referenced,bPMfdpuxTeI,2020-07-19,chapters_omitted,bPMfdpuxTeI,partial,not_targeted,
67015,67,Vayne,FPX Vayne,skin,referenced,-dJ4dp7QDrw,2020-04-26,chapters_omitted,-dJ4dp7QDrw,partial,partial,https://www.youtube.com/@SkinSpotlights/search?query=FPX%20Vayne
67025,67,Vayne,Sentinel Vayne,skin,referenced,_oa7KlIpfX0,2021-07-05,chapters_omitted,_oa7KlIpfX0,partial,not_targeted,
67032,67,Vayne,Battle Bat Vayne,skin,referenced,v_Mp6NUcyno,2022-03-24,chapters_omitted,v_Mp6NUcyno,partial,partial,https://www.youtube.com/@SkinSpotlights/search?query=Battle%20Bat%20Vayne
67033,67,Vayne,Prestige Firecracker Vayne (2022),skin,search_incomplete,,,,,partial,partial,https://www.youtube.com/@SkinSpotlights/search?query=Prestige%20Firecracker%20Vayne%20%282022%29
67044,67,Vayne,Dawnbringer Vayne,skin,referenced,UyiHIgVLpGY,2023-04-17,chapters_omitted,UyiHIgVLpGY,partial,partial,https://www.youtube.com/@SkinSpotlights/search?query=Dawnbringer%20Vayne
67055,67,Vayne,Dragonmancer Vayne,skin,referenced,jGgQnM8Mzyk,2024-01-07,chapters_omitted,jGgQnM8Mzyk,partial,not_targeted,
67064,67,Vayne,Risen Legend Vayne,skin,referenced,5mFxYmQVcI4,2025-05-28,chapters_omitted,5mFxYmQVcI4,partial,not_targeted,
67067,67,Vayne,Demoncursed Vayne,skin,referenced,rbp3ea9q9mA,2026-04-26,chapters_omitted,rbp3ea9q9mA,partial,not_targeted,
45001,45,Veigar,White Mage Veigar,skin,search_incomplete,,,,,partial,partial,https://www.youtube.com/@SkinSpotlights/search?query=White%20Mage%20Veigar
45002,45,Veigar,Curling Veigar,skin,search_incomplete,,,,,partial,partial,https://www.youtube.com/@SkinSpotlights/search?query=Curling%20Veigar
45003,45,Veigar,Veigar Greybeard,skin,search_incomplete,,,,,partial,partial,https://www.youtube.com/@SkinSpotlights/search?query=Veigar%20Greybeard
45004,45,Veigar,Leprechaun Veigar,skin,search_incomplete,,,,,partial,partial,https://www.youtube.com/@SkinSpotlights/search?query=Leprechaun%20Veigar
45005,45,Veigar,Baron Von Veigar,skin,search_incomplete,,,,,partial,partial,https://www.youtube.com/@SkinSpotlights/search?query=Baron%20Von%20Veigar
45006,45,Veigar,Superb Villain Veigar,skin,search_incomplete,,,,,partial,partial,https://www.youtube.com/@SkinSpotlights/search?query=Superb%20Villain%20Veigar
45007,45,Veigar,Bad Santa Veigar,skin,search_incomplete,,,,,partial,partial,https://www.youtube.com/@SkinSpotlights/search?query=Bad%20Santa%20Veigar
45008,45,Veigar,Final Boss Veigar,skin,search_incomplete,,,,,partial,partial,https://www.youtube.com/@SkinSpotlights/search?query=Final%20Boss%20Veigar
45009,45,Veigar,Omega Squad Veigar,skin,outside_date_window,,,too_old,DtK7-SwQY0s,partial,not_targeted,
45013,45,Veigar,Elderwood Veigar,skin,outside_date_window,,,too_old,y5POi-BiHGo,partial,not_targeted,
45023,45,Veigar,Furyhorn Cosplay Veigar,skin,referenced,EuP8q2FUhe0,2020-03-30,chapters_omitted,EuP8q2FUhe0,partial,partial,https://www.youtube.com/@SkinSpotlights/search?query=Furyhorn%20Cosplay%20Veigar
45032,45,Veigar,Astronaut Veigar,skin,referenced,BjpW5G_MLDk,2021-06-21,chapters_omitted,BjpW5G_MLDk,partial,not_targeted,
45041,45,Veigar,Monster Tamer Veigar,skin,referenced,kHqJFYADNDY,2022-08-07,chapters_omitted,kHqJFYADNDY,partial,not_targeted,
45051,45,Veigar,King Beegar,skin,referenced,L0UmoWDehbY,2023-11-18,chapters_omitted,L0UmoWDehbY,partial,not_targeted,
45060,45,Veigar,Fright Night Veigar,skin,referenced,um6nG3bh77c,2024-09-22,chapters_omitted,um6nG3bh77c,partial,not_targeted,
45067,45,Veigar,Prestige Magma Chamber Veigar,skin,referenced,D3JK6Ajn87A,2026-07-25,chapters_omitted,D3JK6Ajn87A,partial,not_targeted,
161001,161,Velkoz,Battlecast Vel'Koz,skin,search_incomplete,,,,,partial,partial,https://www.youtube.com/@SkinSpotlights/search?query=Battlecast%20Vel%27Koz
161002,161,Velkoz,Arclight Vel'Koz,skin,outside_date_window,,,too_old,DVg7SleafEs,partial,not_targeted,
161003,161,Velkoz,Definitely Not Vel'Koz,skin,outside_date_window,,,too_old,-sSfmRiQtBM,partial,not_targeted,
161004,161,Velkoz,Infernal Vel'Koz,skin,referenced,9EMML5O9ZSg,2020-07-06,chapters_omitted,9EMML5O9ZSg,partial,not_targeted,
161011,161,Velkoz,Blackfrost Vel'Koz,skin,referenced,zHNyUDplzKY,2021-04-12,chapters_omitted,zHNyUDplzKY,partial,not_targeted,
161020,161,Velkoz,Bee'Koz,skin,referenced,4wFpWGeYjSw,2023-11-18,chapters_omitted,4wFpWGeYjSw,partial,not_targeted,
161029,161,Velkoz,Spaghetti alla Vel'Koz,skin,referenced,aw3TEDsP4Ps,2026-05-25,chapters_omitted,aw3TEDsP4Ps,partial,not_targeted,
711001,711,Vex,Dawnbringer Vex,skin,referenced,9v3-USC8Hrk,2021-09-20,chapters_omitted,9v3-USC8Hrk,partial,not_targeted,
711010,711,Vex,Empyrean Vex,skin,referenced,0RuWamaV5Tw,2022-10-30,chapters_omitted,0RuWamaV5Tw,partial,not_targeted,
711020,711,Vex,Stargazer Vex,skin,referenced,m1hR2XdWJ4M,2025-05-10,chapters_omitted,m1hR2XdWJ4M,partial,not_targeted,
711029,711,Vex,Surprise Party Vex,skin,referenced,ODIWqoR4ayM,2026-03-29,chapters_omitted,ODIWqoR4ayM,partial,not_targeted,
254001,254,Vi,Neon Strike Vi,skin,search_incomplete,,,,,partial,partial,https://www.youtube.com/@SkinSpotlights/search?query=Neon%20Strike%20Vi
254002,254,Vi,Officer Vi,skin,search_incomplete,,,,,partial,partial,https://www.youtube.com/@SkinSpotlights/search?query=Officer%20Vi
254003,254,Vi,Debonair Vi,skin,search_incomplete,,,,,partial,partial,https://www.youtube.com/@SkinSpotlights/search?query=Debonair%20Vi
254004,254,Vi,Demon Vi,skin,outside_date_window,,,too_old,GsO7akC2yKU,partial,not_targeted,
254005,254,Vi,Warring Kingdoms Vi,skin,outside_date_window,,,too_old,f1HNIdgB8DE,partial,not_targeted,
254011,254,Vi,PROJECT: Vi,skin,outside_date_window,,,too_old,Dzd6KoBeXnI,partial,not_targeted,
254012,254,Vi,Heartbreaker Vi,skin,outside_date_window,,,too_old,JZP38QDulcA,partial,not_targeted,
254020,254,Vi,PsyOps Vi,skin,referenced,9e0jb2psdm4,2020-09-04,chapters_omitted,9e0jb2psdm4,partial,not_targeted,
254029,254,Vi,Arcane Undercity Vi,skin,search_incomplete,,,,,partial,partial,https://www.youtube.com/@SkinSpotlights/search?query=Arcane%20Undercity%20Vi
254030,254,Vi,Heartache Vi,skin,referenced,EocqnAnoJ84,2023-02-02,chapters_omitted,EocqnAnoJ84,partial,not_targeted,
254039,254,Vi,Primal Ambush Vi,skin,referenced,E4IZkYkUKQo,2024-01-23,chapters_omitted,E4IZkYkUKQo,partial,not_targeted,
254048,254,Vi,Arcane Brawler Vi,skin,referenced,zWKaew3IigI,2024-11-19,chapters_omitted,zWKaew3IigI,partial,not_targeted,
254049,254,Vi,T1 Vi,skin,referenced,I3LIh8_kft4,2025-09-07,chapters_omitted,I3LIh8_kft4,partial,not_targeted,
234001,234,Viego,Lunar Beast Viego,skin,referenced,xgh5U1cu9ZY,2021-01-18,chapters_omitted,xgh5U1cu9ZY,partial,not_targeted,
234010,234,Viego,Dissonance of Pentakill Viego,skin,referenced,GYdzXNKpCwU,2021-09-05,chapters_omitted,GYdzXNKpCwU,partial,not_targeted,
234019,234,Viego,EDG Viego,skin,referenced,Y8bEYfVP_Xw,2022-05-08,chapters_omitted,Y8bEYfVP_Xw,partial,not_targeted,
234021,234,Viego,King Viego,skin,referenced,QcNX9837v6g,2022-09-04,chapters_omitted,QcNX9837v6g,partial,not_targeted,
234030,234,Viego,Soul Fighter Viego,skin,referenced,Byw3DBd6kQQ,2023-07-30,chapters_omitted,Byw3DBd6kQQ,partial,not_targeted,
234037,234,Viego,Worlds 2024 Viego,skin,referenced,MxbTwdj6CFI,2024-09-22,chapters_omitted,MxbTwdj6CFI,partial,not_targeted,
234043,234,Viego,Revenant Reign Viego,skin,referenced,54GWbwlNP-0,2026-01-19,chapters_omitted,54GWbwlNP-0,partial,not_targeted,
112001,112,Viktor,Full Machine Viktor,skin,search_incomplete,,,,,partial,partial,https://www.youtube.com/@SkinSpotlights/search?query=Full%20Machine%20Viktor
112002,112,Viktor,Prototype Viktor,skin,search_incomplete,,,,,partial,partial,https://www.youtube.com/@SkinSpotlights/search?query=Prototype%20Viktor
112003,112,Viktor,Creator Viktor,skin,search_incomplete,,,,,partial,partial,https://www.youtube.com/@SkinSpotlights/search?query=Creator%20Viktor
112004,112,Viktor,Death Sworn Viktor,skin,outside_date_window,,,too_old,fNfkboNX3ro,partial,partial,https://www.youtube.com/@SkinSpotlights/search?query=Death%20Sworn%20Viktor
112005,112,Viktor,PsyOps Viktor,skin,needs_review,,,before_visual_update,UuIKWFer9f0,partial,partial,https://www.youtube.com/@SkinSpotlights/search?query=PsyOps%20Viktor
112014,112,Viktor,High Noon Viktor,skin,search_incomplete,,,,,partial,partial,https://www.youtube.com/@SkinSpotlights/search?query=High%20Noon%20Viktor
112024,112,Viktor,Arcane Savior Viktor,skin,needs_review,,,before_visual_update,qHqqYAPXxhE,partial,partial,https://www.youtube.com/@SkinSpotlights/search?query=Arcane%20Savior%20Viktor
112025,112,Viktor,Machine Herald Viktor,skin,referenced,0YUKUIM7bbc,2025-11-02,chapters_omitted,0YUKUIM7bbc,partial,not_targeted,
8001,8,Vladimir,Count Vladimir,skin,outside_date_window,,,too_old,LTi_aMKJWN8,partial,not_targeted,
8002,8,Vladimir,Marquis Vladimir,skin,outside_date_window,,,too_old,Or7Z7ZxhfPs,partial,partial,https://www.youtube.com/@SkinSpotlights/search?query=Marquis%20Vladimir
8003,8,Vladimir,Nosferatu Vladimir,skin,outside_date_window,,,too_old,41HRzxvYVTM,partial,not_targeted,
8004,8,Vladimir,Vandal Vladimir,skin,outside_date_window,,,too_old,R7b4rBSXbGY,partial,not_targeted,
8005,8,Vladimir,Blood Lord Vladimir,skin,outside_date_window,,,too_old,EG5K1Qh4o6Y,partial,not_targeted,
8006,8,Vladimir,Soulstealer Vladimir,skin,outside_date_window,,,too_old,93xddXRA05c,partial,not_targeted,
8007,8,Vladimir,Academy Vladimir,skin,outside_date_window,,,too_old,BGOsLXHpmmk,partial,partial,https://www.youtube.com/@SkinSpotlights/search?query=Academy%20Vladimir
8008,8,Vladimir,Dark Waters Vladimir,skin,outside_date_window,,,too_old,Df4BGwVg-sk,partial,not_targeted,
8014,8,Vladimir,Nightbringer Vladimir,skin,referenced,0UFts93ClBQ,2019-12-08,chapters_omitted,0UFts93ClBQ,partial,not_targeted,
8021,8,Vladimir,Cosmic Devourer Vladimir,skin,referenced,P5BuU5Q_fh0,2020-11-22,chapters_omitted,P5BuU5Q_fh0,partial,not_targeted,
8030,8,Vladimir,Cafe Cuties Vladimir,skin,referenced,6JIt_ZNAsPA,2021-11-15,chapters_omitted,6JIt_ZNAsPA,partial,not_targeted,
8039,8,Vladimir,Broken Covenant Vladimir,skin,referenced,0muExBNVIgA,2023-03-05,chapters_omitted,0muExBNVIgA,partial,not_targeted,
8048,8,Vladimir,Masque of the Black Rose Vladimir,skin,referenced,IKwufZGbUCY,2025-01-05,chapters_omitted,IKwufZGbUCY,partial,not_targeted,
8049,8,Vladimir,PsyOps Vladimir,skin,referenced,pEUcFpv0YU8,2026-04-12,chapters_omitted,pEUcFpv0YU8,partial,not_targeted,
106001,106,Volibear,Thunder Lord Volibear,skin,search_incomplete,,,,,partial,partial,https://www.youtube.com/@SkinSpotlights/search?query=Thunder%20Lord%20Volibear
106002,106,Volibear,Northern Storm Volibear,skin,search_incomplete,,,,,partial,partial,https://www.youtube.com/@SkinSpotlights/search?query=Northern%20Storm%20Volibear
106003,106,Volibear,Runeguard Volibear,skin,search_incomplete,,,,,partial,partial,https://www.youtube.com/@SkinSpotlights/search?query=Runeguard%20Volibear
106004,106,Volibear,Captain Volibear,skin,search_incomplete,,,,,partial,partial,https://www.youtube.com/@SkinSpotlights/search?query=Captain%20Volibear
106005,106,Volibear,El Rayo Volibear,skin,outside_date_window,,,too_old,idWOQzRsxDA,partial,partial,https://www.youtube.com/@SkinSpotlights/search?query=El%20Rayo%20Volibear
106006,106,Volibear,The Thousand-Pierced Bear,skin,search_incomplete,,,,,partial,partial,https://www.youtube.com/@SkinSpotlights/search?query=The%20Thousand-Pierced%20Bear
106007,106,Volibear,Duality Dragon Volibear,skin,referenced,ylqrDQXh_YI,2021-10-17,chapters_omitted,ylqrDQXh_YI,partial,not_targeted,
106009,106,Volibear,Prestige Duality Dragon Volibear,skin,referenced,yvcuEXLaMAw,2021-10-17,chapters_omitted,yvcuEXLaMAw,partial,not_targeted,
106019,106,Volibear,Inkshadow Volibear,skin,referenced,CZSEF7idoL8,2023-04-30,chapters_omitted,CZSEF7idoL8,partial,not_targeted,
106029,106,Volibear,Spirit Blossom Springs Volibear,skin,referenced,5Vj_gQNylno,2025-07-27,chapters_omitted,5Vj_gQNylno,partial,not_targeted,
19001,19,Warwick,Grey Warwick,skin,search_incomplete,,,,,partial,partial,https://www.youtube.com/@SkinSpotlights/search?query=Grey%20Warwick
19002,19,Warwick,Urf the Manatee,skin,search_incomplete,,,,,partial,partial,https://www.youtube.com/@SkinSpotlights/search?query=Urf%20the%20Manatee
19003,19,Warwick,Big Bad Warwick,skin,search_incomplete,,,,,partial,partial,https://www.youtube.com/@SkinSpotlights/search?query=Big%20Bad%20Warwick
19004,19,Warwick,Tundra Hunter Warwick,skin,search_incomplete,,,,,partial,partial,https://www.youtube.com/@SkinSpotlights/search?query=Tundra%20Hunter%20Warwick
19005,19,Warwick,Feral Warwick,skin,search_incomplete,,,,,partial,partial,https://www.youtube.com/@SkinSpotlights/search?query=Feral%20Warwick
19006,19,Warwick,Firefang Warwick,skin,search_incomplete,,,,,partial,partial,https://www.youtube.com/@SkinSpotlights/search?query=Firefang%20Warwick
19007,19,Warwick,Hyena Warwick,skin,search_incomplete,,,,,partial,partial,https://www.youtube.com/@SkinSpotlights/search?query=Hyena%20Warwick
19008,19,Warwick,Marauder Warwick,skin,outside_date_window,,,too_old,X8DBg8xjPs4,partial,partial,https://www.youtube.com/@SkinSpotlights/search?query=Marauder%20Warwick
19009,19,Warwick,Urfwick,skin,search_incomplete,,,,,partial,partial,https://www.youtube.com/@SkinSpotlights/search?query=Urfwick
19010,19,Warwick,Lunar Guardian Warwick,skin,outside_date_window,,,too_old,lJU8kRGFDn0,partial,not_targeted,
19016,19,Warwick,PROJECT: Warwick,skin,outside_date_window,,,too_old,DjitlmLlihw,partial,not_targeted,
19035,19,Warwick,Old God Warwick,skin,search_incomplete,,,,,partial,partial,https://www.youtube.com/@SkinSpotlights/search?query=Old%20God%20Warwick
19045,19,Warwick,Winterblessed Warwick,skin,referenced,nxYV9nBkx3s,2022-12-04,chapters_omitted,nxYV9nBkx3s,partial,not_targeted,
19046,19,Warwick,Prestige Winterblessed Warwick,skin,referenced,KIATM8SCBOs,2022-12-04,chapters_omitted,KIATM8SCBOs,partial,not_targeted,
19056,19,Warwick,Arcane Vander Warwick,skin,referenced,swQ-6WjVaEM,2024-12-08,chapters_omitted,swQ-6WjVaEM,partial,not_targeted,
19058,19,Warwick,Warhound Warwick,skin,referenced,5ntME3Y807E,2026-03-15,chapters_omitted,5ntME3Y807E,partial,not_targeted,
498001,498,Xayah,Cosmic Dusk Xayah,skin,outside_date_window,,,too_old,tlgDMpl3y5g,partial,partial,https://www.youtube.com/@SkinSpotlights/search?query=Cosmic%20Dusk%20Xayah
498002,498,Xayah,Sweetheart Xayah,skin,outside_date_window,,,too_old,7wf_qFRw9xI,partial,not_targeted,
498003,498,Xayah,SSG Xayah,skin,outside_date_window,,,too_old,7pEvJymEuFs,partial,not_targeted,
498004,498,Xayah,Star Guardian Xayah,skin,outside_date_window,,,too_old,CWC5uChEAMQ,partial,not_targeted,
498008,498,Xayah,Elderwood Xayah,skin,referenced,OsBINY0p9KU,2020-12-07,chapters_omitted,OsBINY0p9KU,partial,not_targeted,
498017,498,Xayah,Brave Phoenix Xayah,skin,referenced,w-YR75sO7NY,2021-08-23,chapters_omitted,w-YR75sO7NY,partial,not_targeted,
498026,498,Xayah,Prestige Brave Phoenix Xayah,skin,referenced,puc3-qbxFfs,2022-01-26,chapters_omitted,puc3-qbxFfs,partial,not_targeted,
498028,498,Xayah,Arcana Xayah,skin,referenced,InuOHyyj7jU,2022-04-10,chapters_omitted,InuOHyyj7jU,partial,not_targeted,
498037,498,Xayah,Broken Covenant Xayah,skin,referenced,g3kCrBknVmA,2023-03-05,chapters_omitted,g3kCrBknVmA,partial,not_targeted,
498038,498,Xayah,Redeemed Star Guardian Xayah,skin,referenced,nLZyhFyQbKs,2023-10-08,chapters_omitted,nLZyhFyQbKs,partial,not_targeted,
498047,498,Xayah,Battle Bat Xayah,skin,referenced,NIP3b1ogdwA,2024-07-14,chapters_omitted,NIP3b1ogdwA,partial,not_targeted,
498057,498,Xayah,Battle Academia Xayah,skin,referenced,c7bbC6aiQVo,2025-03-16,chapters_omitted,c7bbC6aiQVo,partial,not_targeted,
101001,101,Xerath,Runeborn Xerath,skin,search_incomplete,,,,,partial,partial,https://www.youtube.com/@SkinSpotlights/search?query=Runeborn%20Xerath
101002,101,Xerath,Battlecast Xerath,skin,search_incomplete,,,,,partial,partial,https://www.youtube.com/@SkinSpotlights/search?query=Battlecast%20Xerath
101003,101,Xerath,Scorched Earth Xerath,skin,search_incomplete,,,,,partial,partial,https://www.youtube.com/@SkinSpotlights/search?query=Scorched%20Earth%20Xerath
101004,101,Xerath,Guardian of the Sands Xerath,skin,outside_date_window,,,too_old,bOPYz9SSqKY,partial,not_targeted,
101005,101,Xerath,Dark Star Xerath,skin,referenced,4jq0FrMXMCE,2020-03-15,chapters_omitted,4jq0FrMXMCE,partial,not_targeted,
101012,101,Xerath,Arcana Xerath,skin,referenced,lRyhs3fP97A,2021-05-10,chapters_omitted,lRyhs3fP97A,partial,not_targeted,
101021,101,Xerath,Astronaut Xerath,skin,referenced,rQSuuuoPPss,2023-02-20,chapters_omitted,rQSuuuoPPss,partial,not_targeted,
101030,101,Xerath,Crystalis Indomitus Xerath,skin,referenced,hXaECZxfWmk,2024-06-10,chapters_omitted,hXaECZxfWmk,partial,not_targeted,
101032,101,Xerath,Corrupted Petricite Xerath,skin,referenced,PdUjcO2S2mo,2026-03-01,chapters_omitted,PdUjcO2S2mo,partial,not_targeted,
5001,5,XinZhao,Commando Xin Zhao,skin,referenced,ss642S6XXao,2025-08-24,chapters_omitted,ss642S6XXao,partial,not_targeted,
5002,5,XinZhao,Imperial Xin Zhao,skin,referenced,nj0INA16Hl4,2025-08-24,chapters_omitted,nj0INA16Hl4,partial,not_targeted,
5003,5,XinZhao,Viscero Xin Zhao,skin,referenced,YvaQrjcF1ro,2025-08-24,chapters_omitted,YvaQrjcF1ro,partial,not_targeted,
5004,5,XinZhao,Winged Hussar Xin Zhao,skin,referenced,L9qp2_2Vp7M,2025-08-24,chapters_omitted,L9qp2_2Vp7M,partial,not_targeted,
5005,5,XinZhao,Warring Kingdoms Xin Zhao,skin,referenced,svc9E1OFiZI,2025-08-24,chapters_omitted,svc9E1OFiZI,partial,not_targeted,
5006,5,XinZhao,Secret Agent Xin Zhao,skin,referenced,R4eNZ8tlJlU,2025-08-24,chapters_omitted,R4eNZ8tlJlU,partial,not_targeted,
5013,5,XinZhao,Dragonslayer Xin Zhao,skin,referenced,LJ0JFNOs-Y0,2025-08-24,chapters_omitted,LJ0JFNOs-Y0,partial,not_targeted,
5020,5,XinZhao,Cosmic Defender Xin Zhao,skin,referenced,BvK6YOHDNm0,2025-08-24,chapters_omitted | too_old,BvK6YOHDNm0 | ICYDmDWdhWM,partial,not_targeted,
5027,5,XinZhao,Marauder Xin Zhao,skin,referenced,iu9_0oqETzc,2025-08-24,chapters_omitted,iu9_0oqETzc,partial,not_targeted,
5036,5,XinZhao,Firecracker Xin Zhao,skin,referenced,WyAeuLpF2DA,2025-08-24,chapters_omitted,ASwOQy3-PFE | WyAeuLpF2DA,partial,not_targeted,
5047,5,XinZhao,Trials of Twilight Xin Zhao,skin,referenced,eP4fv6ZHqTE,2025-10-05,chapters_omitted,eP4fv6ZHqTE,partial,not_targeted,
5053,5,XinZhao,T1 Xin Zhao,skin,referenced,-4iS_qxRdus,2026-07-10,chapters_omitted,-4iS_qxRdus,partial,not_targeted,
157001,157,Yasuo,High Noon Yasuo,skin,search_incomplete,,,,,partial,partial,https://www.youtube.com/@SkinSpotlights/search?query=High%20Noon%20Yasuo
157002,157,Yasuo,PROJECT: Yasuo,skin,search_incomplete,,,,,partial,partial,https://www.youtube.com/@SkinSpotlights/search?query=PROJECT%3A%20Yasuo
157003,157,Yasuo,Blood Moon Yasuo,skin,outside_date_window,,,too_old,YIxM9ZYgwO8,partial,partial,https://www.youtube.com/@SkinSpotlights/search?query=Blood%20Moon%20Yasuo
157009,157,Yasuo,Nightbringer Yasuo,skin,outside_date_window,,,too_old,4ibWAzx3TZs,partial,not_targeted,
157010,157,Yasuo,Odyssey Yasuo,skin,outside_date_window,,,too_old,rtIdN_Lldf4,partial,partial,https://www.youtube.com/@SkinSpotlights/search?query=Odyssey%20Yasuo
157017,157,Yasuo,Battle Boss Yasuo,skin,outside_date_window,,,too_old,aeWzGTaHaXM,partial,partial,https://www.youtube.com/@SkinSpotlights/search?query=Battle%20Boss%20Yasuo
157018,157,Yasuo,True Damage Yasuo,skin,referenced,kjba6GI5inw,2019-11-10,chapters_omitted,kjba6GI5inw,partial,not_targeted,
157035,157,Yasuo,Prestige True Damage Yasuo,skin,referenced,jBsq8AQzimw,2020-09-14,chapters_omitted,jBsq8AQzimw,partial,not_targeted,
157036,157,Yasuo,Spirit Blossom Yasuo,skin,referenced,0vCk1-seVi0,2020-07-19,chapters_omitted,0vCk1-seVi0,partial,partial,https://www.youtube.com/@SkinSpotlights/search?query=Spirit%20Blossom%20Yasuo
157045,157,Yasuo,Sea Dog Yasuo,skin,referenced,NRlpZYii0Xk,2022-04-24,chapters_omitted,NRlpZYii0Xk,partial,not_targeted,
157054,157,Yasuo,Truth Dragon Yasuo,skin,referenced,Tg6FmLQvL0o,2021-10-17,chapters_omitted,Tg6FmLQvL0o,partial,not_targeted,
157055,157,Yasuo,Dream Dragon Yasuo,skin,referenced,V-KU_kcofRs,2021-10-17,chapters_omitted,V-KU_kcofRs,partial,not_targeted,
157056,157,Yasuo,Inkshadow Yasuo,skin,referenced,6WqNLO1juuE,2023-04-30,chapters_omitted,6WqNLO1juuE,partial,not_targeted,
157057,157,Yasuo,Prestige Inkshadow Yasuo,skin,referenced,73ibzrfNVTE,2023-04-30,chapters_omitted,73ibzrfNVTE,partial,not_targeted,
157068,157,Yasuo,Foreseen Yasuo,skin,referenced,NNQ0vpWIQ1c,2024-01-23,chapters_omitted,NNQ0vpWIQ1c,partial,not_targeted,
157077,157,Yasuo,Battle Wolf Yasuo,skin,referenced,La3-Qt16RxM,2024-07-28,chapters_omitted,La3-Qt16RxM,partial,not_targeted,
157087,157,Yasuo,Genesis Nightbringer Yasuo,skin,search_incomplete,,,,,partial,partial,https://www.youtube.com/@SkinSpotlights/search?query=Genesis%20Nightbringer%20Yasuo
157088,157,Yasuo,Petals of Spring Yasuo,skin,referenced,ZbBCiu0CxlY,2026-02-16,chapters_omitted,ZbBCiu0CxlY,partial,not_targeted,
777001,777,Yone,Spirit Blossom Yone,skin,referenced,kCPk0kNYEMo,2020-08-03,chapters_omitted,kCPk0kNYEMo,partial,not_targeted,
777010,777,Yone,Battle Academia Yone,skin,referenced,u7P6gm0uLs4,2021-03-15,chapters_omitted,u7P6gm0uLs4,partial,not_targeted,
777019,777,Yone,Dawnbringer Yone,skin,referenced,9p44Lv-9vFw,2021-09-20,chapters_omitted,9p44Lv-9vFw,partial,not_targeted,
777026,777,Yone,Ocean Song Yone,skin,referenced,pZ0K2SO3uCg,2022-06-05,chapters_omitted,pZ0K2SO3uCg,partial,not_targeted,
777035,777,Yone,Inkshadow Yone,skin,referenced,P9dWHMDEYIs,2023-04-30,chapters_omitted,P9dWHMDEYIs,partial,partial,https://www.youtube.com/@SkinSpotlights/search?query=Inkshadow%20Yone
777045,777,Yone,HEARTSTEEL Yone,skin,referenced,mNEj1xsnnMk,2023-11-05,chapters_omitted,mNEj1xsnnMk,partial,not_targeted,
777046,777,Yone,Prestige HEARTSTEEL Yone,skin,referenced,LxV9EntRXLE,2023-11-05,chapters_omitted,LxV9EntRXLE,partial,not_targeted,
777055,777,Yone,High Noon Yone,skin,referenced,MzTZzecLk4k,2024-03-17,chapters_omitted,MzTZzecLk4k,partial,not_targeted,
777058,777,Yone,Peacemaker High Noon Yone,skin,referenced,FbKIm9fPc4M,2024-03-17,chapters_omitted,FbKIm9fPc4M,partial,not_targeted,
777065,777,Yone,Masked Justice Yone,skin,referenced,JapWurFDaPs,2025-02-16,chapters_omitted,JapWurFDaPs,partial,not_targeted,
777074,777,Yone,T1 Yone,skin,referenced,SiJFpOnb-Lk,2025-09-07,chapters_omitted,SiJFpOnb-Lk,partial,not_targeted,
83001,83,Yorick,Undertaker Yorick,skin,outside_date_window,,,too_old,SlQrmR2lYy4,partial,not_targeted,
83002,83,Yorick,Pentakill Yorick,skin,outside_date_window,,,too_old,m1sSPt_Iybo,partial,not_targeted,
83003,83,Yorick,Arclight Yorick,skin,outside_date_window,,,too_old,3TIqz961RPc,partial,not_targeted,
83004,83,Yorick,Meowrick,skin,outside_date_window,,,too_old,H9bmu2iY2M0,partial,not_targeted,
83012,83,Yorick,Resistance Yorick,skin,referenced,BrEkZxNbFCw,2020-11-09,chapters_omitted,BrEkZxNbFCw,partial,not_targeted,
83021,83,Yorick,Pentakill III: Lost Chapter Yorick,skin,referenced,fdzWMdwwvNM,2021-09-05,chapters_omitted,fdzWMdwwvNM,partial,not_targeted,
83030,83,Yorick,Spirit Blossom Yorick,skin,referenced,6ZhdiiI4gM8,2022-10-02,chapters_omitted,6ZhdiiI4gM8,partial,not_targeted,
83040,83,Yorick,Dark Star Yorick,skin,referenced,VVvKQLCW6jE,2024-10-20,chapters_omitted,VVvKQLCW6jE,partial,not_targeted,
83050,83,Yorick,High Noon Yorick,skin,referenced,zYbTAmBf3M0,2025-05-10,chapters_omitted,zYbTAmBf3M0,partial,not_targeted,
804001,804,Yunara,Spirit Blossom Springs Yunara,skin,referenced,tCR6Hmzx4sU,2025-07-12,chapters_omitted,tCR6Hmzx4sU,partial,not_targeted,
804010,804,Yunara,T1 Yunara,skin,referenced,4zfm2XTDJsQ,2026-07-10,chapters_omitted,4zfm2XTDJsQ,partial,not_targeted,
350001,350,Yuumi,Battle Principal Yuumi,skin,outside_date_window,,,too_old,w2Vd1tQgzMQ,partial,not_targeted,
350011,350,Yuumi,Heartseeker Yuumi,skin,referenced,m9-SlAh0A6U,2020-02-02,chapters_omitted,m9-SlAh0A6U,partial,not_targeted,
350019,350,Yuumi,Yuubee,skin,referenced,YNSSM__lDpA,2021-02-28,chapters_omitted,YNSSM__lDpA,partial,not_targeted,
350028,350,Yuumi,Bewitching Yuumi,skin,referenced,CG_7ulwBLqw,2021-10-04,chapters_omitted,CG_7ulwBLqw,partial,not_targeted,
350037,350,Yuumi,EDG Yuumi,skin,referenced,Oah_3G2QOsY,2022-05-08,chapters_omitted,Oah_3G2QOsY,partial,not_targeted,
350039,350,Yuumi,Shiba Yuumi,skin,referenced,AKZ0G8dyzGY,2023-04-03,chapters_omitted,AKZ0G8dyzGY,partial,not_targeted,
350049,350,Yuumi,Cyber Cat Yuumi,skin,referenced,e2RgANF0zW8,2024-07-14,chapters_omitted,e2RgANF0zW8,partial,not_targeted,
350050,350,Yuumi,Prestige Cyber Cat Yuumi,skin,referenced,vXUxWgza8zI,2024-07-14,chapters_omitted,vXUxWgza8zI,partial,not_targeted,
350061,350,Yuumi,Nightbringer Yuumi,skin,referenced,tOud106x16w,2025-07-12,chapters_omitted,tOud106x16w,partial,not_targeted,
350070,350,Yuumi,Firecracker Yuumi,skin,referenced,cF2A6CYNyys,2026-02-02,chapters_omitted,cF2A6CYNyys,partial,not_targeted,
904001,904,Zaahen,Immortal Journey Zaahen,skin,referenced,eaD5mKbaF0E,2025-11-15,chapters_omitted,eaD5mKbaF0E,partial,not_targeted,
154001,154,Zac,Special Weapon Zac,skin,search_incomplete,,,,,partial,partial,https://www.youtube.com/@SkinSpotlights/search?query=Special%20Weapon%20Zac
154002,154,Zac,Pool Party Zac,skin,search_incomplete,,,,,partial,partial,https://www.youtube.com/@SkinSpotlights/search?query=Pool%20Party%20Zac
154006,154,Zac,SKT T1 Zac,skin,outside_date_window,,,too_old,lAPxqFL-99w,partial,not_targeted,
154007,154,Zac,Battlecast Zac,skin,referenced,Bt2oxUNiutY,2020-11-09,chapters_omitted,Bt2oxUNiutY,partial,not_targeted,
154014,154,Zac,Empyrean Zac,skin,referenced,_QCWIiVmOZw,2022-10-30,chapters_omitted,_QCWIiVmOZw,partial,not_targeted,
154024,154,Zac,Zesty Dip Zac,skin,referenced,xP9LYvzY7oo,2024-03-31,chapters_omitted,xP9LYvzY7oo,partial,not_targeted,
154033,154,Zac,Space Groove Zac,skin,referenced,jPFdom-EPFk,2026-04-12,chapters_omitted,jPFdom-EPFk,partial,not_targeted,
238001,238,Zed,Shockblade Zed,skin,search_incomplete,,,,,partial,partial,https://www.youtube.com/@SkinSpotlights/search?query=Shockblade%20Zed
238002,238,Zed,SKT T1 Zed,skin,search_incomplete,,,,,partial,partial,https://www.youtube.com/@SkinSpotlights/search?query=SKT%20T1%20Zed
238003,238,Zed,PROJECT: Zed,skin,outside_date_window,,,too_old,ug2QT5E15cU,partial,not_targeted,
238010,238,Zed,Worlds 2016 Zed,skin,outside_date_window,,,too_old,U9e0ubkAR6k,partial,not_targeted,
238011,238,Zed,Death Sworn Zed,skin,outside_date_window,,,too_old,PDUNOe8f-p8,partial,partial,https://www.youtube.com/@SkinSpotlights/search?query=Death%20Sworn%20Zed
238013,238,Zed,Galaxy Slayer Zed,skin,outside_date_window,,,too_old,Fzi4l3M_FtE,partial,not_targeted,
238015,238,Zed,PsyOps Zed,skin,referenced,Gfo50Bx5ZHE,2020-09-14,chapters_omitted,Gfo50Bx5ZHE,partial,partial,https://www.youtube.com/@SkinSpotlights/search?query=PsyOps%20Zed
238030,238,Zed,Prestige PROJECT: Zed,skin,referenced,QA8aPcuOgxw,2021-06-21,chapters_omitted,QA8aPcuOgxw,partial,not_targeted,
238031,238,Zed,Debonair Zed,skin,referenced,o9JNK6J9GUs,2021-12-05,chapters_omitted,o9JNK6J9GUs,partial,not_targeted,
238038,238,Zed,Empyrean Zed,skin,referenced,uNdw8tCCM14,2022-10-30,chapters_omitted,uNdw8tCCM14,partial,not_targeted,
238049,238,Zed,Immortal Journey Zed,skin,referenced,xbBTuSt1VyM,2023-08-13,chapters_omitted,xbBTuSt1VyM,partial,not_targeted,
238058,238,Zed,Blood Moon Zed,skin,referenced,xB-yOHyLR7I,2024-04-14,chapters_omitted,xB-yOHyLR7I,partial,not_targeted,
238068,238,Zed,Quantum Galaxy Slayer Zed,skin,search_incomplete,,,,,partial,partial,https://www.youtube.com/@SkinSpotlights/search?query=Quantum%20Galaxy%20Slayer%20Zed
238069,238,Zed,Prestige Spirit Blossom Zed,skin,referenced,thBaPZnbFDc,2025-06-22,chapters_omitted,thBaPZnbFDc,partial,not_targeted,
221001,221,Zeri,Withered Rose Zeri,skin,referenced,emDgCdFF4gU,2022-01-20,chapters_omitted,emDgCdFF4gU,partial,not_targeted,
221010,221,Zeri,Ocean Song Zeri,skin,referenced,hfoD8JEVyHw,2022-06-05,chapters_omitted,hfoD8JEVyHw,partial,not_targeted,
221019,221,Zeri,Immortal Journey Zeri,skin,referenced,YSC--wQc-Jc,2023-08-13,chapters_omitted,YSC--wQc-Jc,partial,not_targeted,
221028,221,Zeri,Fright Night Zeri,skin,referenced,nx72su-LrnM,2024-09-22,chapters_omitted,nx72su-LrnM,partial,not_targeted,
221029,221,Zeri,Prestige Fright Night Zeri,skin,referenced,hsoy1KHT6Oc,2024-09-22,chapters_omitted,hsoy1KHT6Oc,partial,not_targeted,
221040,221,Zeri,Winter Wonder Zeri,skin,referenced,TS88MBEe9P8,2025-11-30,chapters_omitted,TS88MBEe9P8,partial,not_targeted,
115001,115,Ziggs,Mad Scientist Ziggs,skin,search_incomplete,,,,,partial,partial,https://www.youtube.com/@SkinSpotlights/search?query=Mad%20Scientist%20Ziggs
115002,115,Ziggs,Major Ziggs,skin,search_incomplete,,,,,partial,partial,https://www.youtube.com/@SkinSpotlights/search?query=Major%20Ziggs
115003,115,Ziggs,Pool Party Ziggs,skin,search_incomplete,,,,,partial,partial,https://www.youtube.com/@SkinSpotlights/search?query=Pool%20Party%20Ziggs
115004,115,Ziggs,Snow Day Ziggs,skin,search_incomplete,,,,,partial,partial,https://www.youtube.com/@SkinSpotlights/search?query=Snow%20Day%20Ziggs
115005,115,Ziggs,Master Arcanist Ziggs,skin,outside_date_window,,,too_old,KoL5a0sxdUk,partial,not_targeted,
115006,115,Ziggs,Battle Boss Ziggs,skin,outside_date_window,,,too_old,EReN1_d1EQA,partial,not_targeted,
115007,115,Ziggs,Odyssey Ziggs,skin,outside_date_window,,,too_old,y9Y7I34h7Qo,partial,not_targeted,
115014,115,Ziggs,Sugar Rush Ziggs,skin,referenced,AB3boHsZSqE,2019-12-08,chapters_omitted,AB3boHsZSqE,partial,partial,https://www.youtube.com/@SkinSpotlights/search?query=Sugar%20Rush%20Ziggs
115023,115,Ziggs,Hextech Ziggs,skin,referenced,wnrd12EyEt0,2020-09-04,chapters_omitted,wnrd12EyEt0,partial,not_targeted,
115024,115,Ziggs,BZZZiggs,skin,referenced,Plp_IKg_8Lg,2022-02-27,chapters_omitted,Plp_IKg_8Lg,partial,not_targeted,
115033,115,Ziggs,La Ilusión Ziggs,skin,search_incomplete,,,,,partial,partial,https://www.youtube.com/@SkinSpotlights/search?query=La%20Ilusi%C3%B3n%20Ziggs
115043,115,Ziggs,Firecracker Ziggs,skin,referenced,6DkdyXfKFuE,2026-02-02,chapters_omitted,6DkdyXfKFuE,partial,not_targeted,
26001,26,Zilean,Old Saint Zilean,skin,search_incomplete,,,,,partial,partial,https://www.youtube.com/@SkinSpotlights/search?query=Old%20Saint%20Zilean
26002,26,Zilean,Groovy Zilean,skin,search_incomplete,,,,,partial,partial,https://www.youtube.com/@SkinSpotlights/search?query=Groovy%20Zilean
26003,26,Zilean,Shurima Desert Zilean,skin,search_incomplete,,,,,partial,partial,https://www.youtube.com/@SkinSpotlights/search?query=Shurima%20Desert%20Zilean
26004,26,Zilean,Time Machine Zilean,skin,search_incomplete,,,,,partial,partial,https://www.youtube.com/@SkinSpotlights/search?query=Time%20Machine%20Zilean
26005,26,Zilean,Blood Moon Zilean,skin,outside_date_window,,,too_old,hS8JlCaQMuk,partial,not_targeted,
26006,26,Zilean,Sugar Rush Zilean,skin,referenced,UfV8QEJ-Lw8,2019-12-08,chapters_omitted,UfV8QEJ-Lw8,partial,not_targeted,
26014,26,Zilean,Winterblessed Zilean,skin,referenced,udKYCm2DtcU,2022-12-04,chapters_omitted,udKYCm2DtcU,partial,not_targeted,
26024,26,Zilean,Arcana Zilean,skin,referenced,16TVK3xUBFA,2025-09-21,chapters_omitted,16TVK3xUBFA,partial,not_targeted,
142001,142,Zoe,Cyber Pop Zoe,skin,outside_date_window,,,too_old,pWmE3LB2rxc,partial,not_targeted,
142002,142,Zoe,Pool Party Zoe,skin,outside_date_window,,,too_old,qX2YatD-mPg,partial,not_targeted,
142009,142,Zoe,Star Guardian Zoe,skin,outside_date_window,,,too_old,9sB4etzBXDg,partial,not_targeted,
142018,142,Zoe,Arcanist Zoe,skin,referenced,IZF_mSY0zVI,2020-07-06,chapters_omitted,IZF_mSY0zVI,partial,not_targeted,
142019,142,Zoe,Prestige Arcanist Zoe,skin,referenced,oZOPyrTR5J8,2020-07-06,chapters_omitted,oZOPyrTR5J8,partial,not_targeted,
142020,142,Zoe,EDG Zoe,skin,referenced,KKhLLi_mpP8,2022-05-08,chapters_omitted,KKhLLi_mpP8,partial,not_targeted,
142022,142,Zoe,Winterblessed Zoe,skin,referenced,BFyt0SaqoSM,2022-12-04,chapters_omitted,BFyt0SaqoSM,partial,not_targeted,
142033,142,Zoe,Dark Star Zoe,skin,referenced,d9QZOPYIZn8,2024-10-20,chapters_omitted,d9QZOPYIZn8,partial,not_targeted,
142043,142,Zoe,Prestige Eternal Aspect Zoe,skin,referenced,Ilcy9_5pZRY,2025-10-19,chapters_omitted,Ilcy9_5pZRY,partial,not_targeted,
143001,143,Zyra,Wildfire Zyra,skin,outside_date_window,,,too_old,zV9DEsggwqI,partial,not_targeted,
143002,143,Zyra,Haunted Zyra,skin,outside_date_window,,,too_old,yUVTppQTZ4U,partial,not_targeted,
143003,143,Zyra,SKT T1 Zyra,skin,outside_date_window,,,too_old,MUb0VfqOz6A,partial,not_targeted,
143004,143,Zyra,Dragon Sorceress Zyra,skin,outside_date_window,,,too_old,RLBl8HVsPbw,partial,not_targeted,
143005,143,Zyra,Coven Zyra,skin,referenced,AA1QsUsB9_M,2020-04-13,chapters_omitted,AA1QsUsB9_M,partial,not_targeted,
143006,143,Zyra,Prestige Coven Zyra,skin,referenced,EOtcSxYH7uc,2020-04-13,chapters_omitted,EOtcSxYH7uc,partial,not_targeted,
143007,143,Zyra,Crystal Rose Zyra,skin,referenced,_49kGeXtVO8,2021-02-11,chapters_omitted,_49kGeXtVO8,partial,not_targeted,
143016,143,Zyra,Crime City Nightmare Zyra,skin,referenced,gBycCjoCn-I,2021-08-23,chapters_omitted,gBycCjoCn-I,partial,not_targeted,
143036,143,Zyra,Mythmaker Zyra,skin,referenced,hCWaVDkrWvg,2023-01-07,chapters_omitted,hCWaVDkrWvg,partial,not_targeted,
143046,143,Zyra,Street Demons Zyra,skin,referenced,qqmMv9uE7NE,2023-09-10,chapters_omitted,qqmMv9uE7NE,partial,not_targeted,
143055,143,Zyra,Blood Moon Zyra,skin,referenced,ie8XpIOE4u4,2024-04-14,chapters_omitted,ie8XpIOE4u4,partial,not_targeted,
143064,143,Zyra,Spirit Blossom Zyra,skin,referenced,-AQq7xwYKBo,2025-04-27,chapters_omitted,-AQq7xwYKBo,partial,not_targeted,
